experiment,repeat,seed,n_signals,eve_fraction,noise_probability,noise_model,loss_probability,basis_probability_z,sample_fraction,sample_size,abort_threshold,confidence,n_detected,n_sifted,n_test,n_remaining,actual_errors,test_errors,qber_actual,qber_estimate,qber_ci_low,qber_ci_high,qber_ci_width,detected_fraction,sifted_fraction,candidate_fraction,has_error,full_sample,expected_qber
03_sample_uncertainty,0,220065613904014589147680662739909854940,5000,0.2,0.0,depolarizing,0.0,0.5,0.2,10,0.11,0.95,5000,2498,10,2488,111,0,0.044435548438751,0.0,2.7755575615628914e-17,0.27753279986288915,0.27753279986288915,1.0,0.4996,0.4976,0,1,0.05
03_sample_uncertainty,1,84566600265515624112642816323774404929,5000,0.2,0.0,depolarizing,0.0,0.5,0.2,10,0.11,0.95,5000,2458,10,2448,120,0,0.04882017900732303,0.0,2.7755575615628914e-17,0.27753279986288915,0.27753279986288915,1.0,0.4916,0.4896,0,1,0.05
03_sample_uncertainty,2,61632432747118055673781319490680441235,5000,0.2,0.0,depolarizing,0.0,0.5,0.2,10,0.11,0.95,5000,2511,10,2501,115,0,0.04579848665870171,0.0,2.7755575615628914e-17,0.27753279986288915,0.27753279986288915,1.0,0.5022,0.5002,0,1,0.05
03_sample_uncertainty,3,217745645446792202272430923063234775752,5000,0.2,0.0,depolarizing,0.0,0.5,0.2,10,0.11,0.95,5000,2499,10,2489,129,1,0.05162064825930372,0.1,0.017876213095072896,0.40415002679523837,0.38627381370016545,1.0,0.4998,0.4978,1,1,0.05
03_sample_uncertainty,4,261114565814584098001025248479881438052,5000,0.2,0.0,depolarizing,0.0,0.5,0.2,10,0.11,0.95,5000,2526,10,2516,119,0,0.047110055423594616,0.0,2.7755575615628914e-17,0.27753279986288915,0.27753279986288915,1.0,0.5052,0.5032,0,1,0.05
03_sample_uncertainty,5,319655080768730634758993186904115525462,5000,0.2,0.0,depolarizing,0.0,0.5,0.2,10,0.11,0.95,5000,2478,10,2468,118,0,0.047619047619047616,0.0,2.7755575615628914e-17,0.27753279986288915,0.27753279986288915,1.0,0.4956,0.4936,0,1,0.05
03_sample_uncertainty,6,80522468845252238855278688168129013342,5000,0.2,0.0,depolarizing,0.0,0.5,0.2,10,0.11,0.95,5000,2561,10,2551,129,0,0.05037094884810621,0.0,2.7755575615628914e-17,0.27753279986288915,0.27753279986288915,1.0,0.5122,0.5102,0,1,0.05
03_sample_uncertainty,7,234037606211166263295308081917823957647,5000,0.2,0.0,depolarizing,0.0,0.5,0.2,10,0.11,0.95,5000,2506,10,2496,123,0,0.04908220271348763,0.0,2.7755575615628914e-17,0.27753279986288915,0.27753279986288915,1.0,0.5012,0.4992,0,1,0.05
03_sample_uncertainty,8,336518400135126428655235522399304759484,5000,0.2,0.0,depolarizing,0.0,0.5,0.2,10,0.11,0.95,5000,2503,10,2493,124,1,0.049540551338393926,0.1,0.017876213095072896,0.40415002679523837,0.38627381370016545,1.0,0.5006,0.4986,1,1,0.05
03_sample_uncertainty,9,92881039546914339177545429461735093941,5000,0.2,0.0,depolarizing,0.0,0.5,0.2,10,0.11,0.95,5000,2480,10,2470,115,0,0.046370967741935484,0.0,2.7755575615628914e-17,0.27753279986288915,0.27753279986288915,1.0,0.496,0.494,0,1,0.05
03_sample_uncertainty,10,220998064213008946264928603971986858448,5000,0.2,0.0,depolarizing,0.0,0.5,0.2,10,0.11,0.95,5000,2489,10,2479,119,0,0.047810365608678185,0.0,2.7755575615628914e-17,0.27753279986288915,0.27753279986288915,1.0,0.4978,0.4958,0,1,0.05
03_sample_uncertainty,11,77605927352602636442824815283327946166,5000,0.2,0.0,depolarizing,0.0,0.5,0.2,10,0.11,0.95,5000,2501,10,2491,144,1,0.057576969212315074,0.1,0.017876213095072896,0.40415002679523837,0.38627381370016545,1.0,0.5002,0.4982,1,1,0.05
03_sample_uncertainty,12,97151255364878487627221228076620840379,5000,0.2,0.0,depolarizing,0.0,0.5,0.2,10,0.11,0.95,5000,2475,10,2465,137,0,0.055353535353535356,0.0,2.7755575615628914e-17,0.27753279986288915,0.27753279986288915,1.0,0.495,0.493,0,1,0.05
03_sample_uncertainty,13,201960840541704102962924138635862164572,5000,0.2,0.0,depolarizing,0.0,0.5,0.2,10,0.11,0.95,5000,2470,10,2460,116,1,0.04696356275303644,0.1,0.017876213095072896,0.40415002679523837,0.38627381370016545,1.0,0.494,0.492,1,1,0.05
03_sample_uncertainty,14,200506460903803234858115332935364099859,5000,0.2,0.0,depolarizing,0.0,0.5,0.2,10,0.11,0.95,5000,2475,10,2465,123,0,0.0496969696969697,0.0,2.7755575615628914e-17,0.27753279986288915,0.27753279986288915,1.0,0.495,0.493,0,1,0.05
03_sample_uncertainty,15,54878642384082090988753832656173546384,5000,0.2,0.0,depolarizing,0.0,0.5,0.2,10,0.11,0.95,5000,2521,10,2511,128,0,0.05077350257834193,0.0,2.7755575615628914e-17,0.27753279986288915,0.27753279986288915,1.0,0.5042,0.5022,0,1,0.05
03_sample_uncertainty,16,243952404026551051120015904585646914925,5000,0.2,0.0,depolarizing,0.0,0.5,0.2,10,0.11,0.95,5000,2474,10,2464,135,0,0.054567502021018593,0.0,2.7755575615628914e-17,0.27753279986288915,0.27753279986288915,1.0,0.4948,0.4928,0,1,0.05
03_sample_uncertainty,17,204862381102419692904657549786432829681,5000,0.2,0.0,depolarizing,0.0,0.5,0.2,10,0.11,0.95,5000,2548,10,2538,136,1,0.05337519623233909,0.1,0.017876213095072896,0.40415002679523837,0.38627381370016545,1.0,0.5096,0.5076,1,1,0.05
03_sample_uncertainty,18,92540545071432853667816711804696589080,5000,0.2,0.0,depolarizing,0.0,0.5,0.2,10,0.11,0.95,5000,2506,10,2496,127,0,0.050678371907422186,0.0,2.7755575615628914e-17,0.27753279986288915,0.27753279986288915,1.0,0.5012,0.4992,0,1,0.05
03_sample_uncertainty,19,99848195294408981719222190338835216503,5000,0.2,0.0,depolarizing,0.0,0.5,0.2,10,0.11,0.95,5000,2473,10,2463,116,0,0.046906591184795794,0.0,2.7755575615628914e-17,0.27753279986288915,0.27753279986288915,1.0,0.4946,0.4926,0,1,0.05
03_sample_uncertainty,20,140824849952650777460931612122201240605,5000,0.2,0.0,depolarizing,0.0,0.5,0.2,10,0.11,0.95,5000,2539,10,2529,117,1,0.04608113430484443,0.1,0.017876213095072896,0.40415002679523837,0.38627381370016545,1.0,0.5078,0.5058,1,1,0.05
03_sample_uncertainty,21,88175793245816993926194885433008000803,5000,0.2,0.0,depolarizing,0.0,0.5,0.2,10,0.11,0.95,5000,2521,10,2511,121,1,0.047996826656088856,0.1,0.017876213095072896,0.40415002679523837,0.38627381370016545,1.0,0.5042,0.5022,1,1,0.05
03_sample_uncertainty,22,219352030703649937689183227286917956593,5000,0.2,0.0,depolarizing,0.0,0.5,0.2,10,0.11,0.95,5000,2551,10,2541,127,1,0.0497843982751862,0.1,0.017876213095072896,0.40415002679523837,0.38627381370016545,1.0,0.5102,0.5082,1,1,0.05
03_sample_uncertainty,23,177618127768093621678062870037690708376,5000,0.2,0.0,depolarizing,0.0,0.5,0.2,10,0.11,0.95,5000,2504,10,2494,111,1,0.044329073482428115,0.1,0.017876213095072896,0.40415002679523837,0.38627381370016545,1.0,0.5008,0.4988,1,1,0.05
03_sample_uncertainty,24,326292607254123229610770817506071732168,5000,0.2,0.0,depolarizing,0.0,0.5,0.2,10,0.11,0.95,5000,2454,10,2444,124,0,0.05052974735126324,0.0,2.7755575615628914e-17,0.27753279986288915,0.27753279986288915,1.0,0.4908,0.4888,0,1,0.05
03_sample_uncertainty,25,104598249036368510432744899626761667904,5000,0.2,0.0,depolarizing,0.0,0.5,0.2,10,0.11,0.95,5000,2535,10,2525,121,0,0.04773175542406312,0.0,2.7755575615628914e-17,0.27753279986288915,0.27753279986288915,1.0,0.507,0.505,0,1,0.05
03_sample_uncertainty,26,215789520260117416924241064761533556313,5000,0.2,0.0,depolarizing,0.0,0.5,0.2,10,0.11,0.95,5000,2538,10,2528,108,0,0.0425531914893617,0.0,2.7755575615628914e-17,0.27753279986288915,0.27753279986288915,1.0,0.5076,0.5056,0,1,0.05
03_sample_uncertainty,27,36169358116779759958782169645901803503,5000,0.2,0.0,depolarizing,0.0,0.5,0.2,10,0.11,0.95,5000,2456,10,2446,113,0,0.046009771986970684,0.0,2.7755575615628914e-17,0.27753279986288915,0.27753279986288915,1.0,0.4912,0.4892,0,1,0.05
03_sample_uncertainty,28,298050394220012855648299195081583472004,5000,0.2,0.0,depolarizing,0.0,0.5,0.2,10,0.11,0.95,5000,2468,10,2458,124,1,0.050243111831442464,0.1,0.017876213095072896,0.40415002679523837,0.38627381370016545,1.0,0.4936,0.4916,1,1,0.05
03_sample_uncertainty,29,199479232731229527293551663015028373509,5000,0.2,0.0,depolarizing,0.0,0.5,0.2,10,0.11,0.95,5000,2507,10,2497,120,2,0.04786597526924611,0.2,0.056682151454375246,0.5098375284633582,0.4531553770089829,1.0,0.5014,0.4994,1,1,0.05
03_sample_uncertainty,0,23240323466139076839526771837816421392,5000,0.2,0.0,depolarizing,0.0,0.5,0.2,25,0.11,0.95,5000,2532,25,2507,126,1,0.04976303317535545,0.04,0.007096233501987251,0.19544063736193729,0.18834440385995005,1.0,0.5064,0.5014,1,1,0.05
03_sample_uncertainty,1,231040691738667448267442206615983676146,5000,0.2,0.0,depolarizing,0.0,0.5,0.2,25,0.11,0.95,5000,2452,25,2427,105,2,0.042822185970636216,0.08,0.02222040128484759,0.2496610895039531,0.2274406882191055,1.0,0.4904,0.4854,1,1,0.05
03_sample_uncertainty,2,207313122707630661472144908148096852134,5000,0.2,0.0,depolarizing,0.0,0.5,0.2,25,0.11,0.95,5000,2531,25,2506,133,0,0.0525483998419597,0.0,0.0,0.13319225093904843,0.13319225093904843,1.0,0.5062,0.5012,0,1,0.05
03_sample_uncertainty,3,98887590962601274174612680641445126163,5000,0.2,0.0,depolarizing,0.0,0.5,0.2,25,0.11,0.95,5000,2573,25,2548,153,2,0.05946366109599689,0.08,0.02222040128484759,0.2496610895039531,0.2274406882191055,1.0,0.5146,0.5096,1,1,0.05
03_sample_uncertainty,4,173818977681865121538926956849906599094,5000,0.2,0.0,depolarizing,0.0,0.5,0.2,25,0.11,0.95,5000,2516,25,2491,115,2,0.04570747217806041,0.08,0.02222040128484759,0.2496610895039531,0.2274406882191055,1.0,0.5032,0.4982,1,1,0.05
03_sample_uncertainty,5,70512601147350970075524104252555024312,5000,0.2,0.0,depolarizing,0.0,0.5,0.2,25,0.11,0.95,5000,2576,25,2551,128,2,0.049689440993788817,0.08,0.02222040128484759,0.2496610895039531,0.2274406882191055,1.0,0.5152,0.5102,1,1,0.05
03_sample_uncertainty,6,196131582877214014681892504517723362678,5000,0.2,0.0,depolarizing,0.0,0.5,0.2,25,0.11,0.95,5000,2526,25,2501,112,3,0.04433887569279493,0.12,0.041668171504403634,0.2995579392092732,0.2578897677048696,1.0,0.5052,0.5002,1,1,0.05
03_sample_uncertainty,7,44522832526834713725375545012689673375,5000,0.2,0.0,depolarizing,0.0,0.5,0.2,25,0.11,0.95,5000,2509,25,2484,121,1,0.04822638501394978,0.04,0.007096233501987251,0.19544063736193729,0.18834440385995005,1.0,0.5018,0.4968,1,1,0.05
03_sample_uncertainty,8,117134766659201165657092312993358463330,5000,0.2,0.0,depolarizing,0.0,0.5,0.2,25,0.11,0.95,5000,2459,25,2434,111,0,0.04514030093533957,0.0,0.0,0.13319225093904843,0.13319225093904843,1.0,0.4918,0.4868,0,1,0.05
03_sample_uncertainty,9,175304165275339194519211096579907807743,5000,0.2,0.0,depolarizing,0.0,0.5,0.2,25,0.11,0.95,5000,2464,25,2439,116,1,0.04707792207792208,0.04,0.007096233501987251,0.19544063736193729,0.18834440385995005,1.0,0.4928,0.4878,1,1,0.05
03_sample_uncertainty,10,208201105844642068508430614261808424142,5000,0.2,0.0,depolarizing,0.0,0.5,0.2,25,0.11,0.95,5000,2372,25,2347,96,2,0.04047217537942664,0.08,0.02222040128484759,0.2496610895039531,0.2274406882191055,1.0,0.4744,0.4694,1,1,0.05
03_sample_uncertainty,11,28783347442841121495156319291010718579,5000,0.2,0.0,depolarizing,0.0,0.5,0.2,25,0.11,0.95,5000,2512,25,2487,118,2,0.046974522292993634,0.08,0.02222040128484759,0.2496610895039531,0.2274406882191055,1.0,0.5024,0.4974,1,1,0.05
03_sample_uncertainty,12,241363462396696589737565280689553930863,5000,0.2,0.0,depolarizing,0.0,0.5,0.2,25,0.11,0.95,5000,2501,25,2476,132,1,0.052778888444622155,0.04,0.007096233501987251,0.19544063736193729,0.18834440385995005,1.0,0.5002,0.4952,1,1,0.05
03_sample_uncertainty,13,2155365431344206144518255099309339246,5000,0.2,0.0,depolarizing,0.0,0.5,0.2,25,0.11,0.95,5000,2486,25,2461,121,2,0.048672566371681415,0.08,0.02222040128484759,0.2496610895039531,0.2274406882191055,1.0,0.4972,0.4922,1,1,0.05
03_sample_uncertainty,14,60040068917386582587044920822711647865,5000,0.2,0.0,depolarizing,0.0,0.5,0.2,25,0.11,0.95,5000,2449,25,2424,114,1,0.046549612086565946,0.04,0.007096233501987251,0.19544063736193729,0.18834440385995005,1.0,0.4898,0.4848,1,1,0.05
03_sample_uncertainty,15,24825649347829797239261584045856354529,5000,0.2,0.0,depolarizing,0.0,0.5,0.2,25,0.11,0.95,5000,2517,25,2492,121,1,0.04807310290027811,0.04,0.007096233501987251,0.19544063736193729,0.18834440385995005,1.0,0.5034,0.4984,1,1,0.05
03_sample_uncertainty,16,248324431284898375981118329625077323315,5000,0.2,0.0,depolarizing,0.0,0.5,0.2,25,0.11,0.95,5000,2494,25,2469,136,3,0.0545308740978348,0.12,0.041668171504403634,0.2995579392092732,0.2578897677048696,1.0,0.4988,0.4938,1,1,0.05
03_sample_uncertainty,17,250150072583400880080994915548943252056,5000,0.2,0.0,depolarizing,0.0,0.5,0.2,25,0.11,0.95,5000,2481,25,2456,110,2,0.04433696090286175,0.08,0.02222040128484759,0.2496610895039531,0.2274406882191055,1.0,0.4962,0.4912,1,1,0.05
03_sample_uncertainty,18,249787446650823426128907829783130100902,5000,0.2,0.0,depolarizing,0.0,0.5,0.2,25,0.11,0.95,5000,2499,25,2474,112,0,0.04481792717086835,0.0,0.0,0.13319225093904843,0.13319225093904843,1.0,0.4998,0.4948,0,1,0.05
03_sample_uncertainty,19,233327779840758033300562013436540621118,5000,0.2,0.0,depolarizing,0.0,0.5,0.2,25,0.11,0.95,5000,2502,25,2477,116,1,0.04636290967226219,0.04,0.007096233501987251,0.19544063736193729,0.18834440385995005,1.0,0.5004,0.4954,1,1,0.05
03_sample_uncertainty,20,36681992179059665509152091564987195192,5000,0.2,0.0,depolarizing,0.0,0.5,0.2,25,0.11,0.95,5000,2478,25,2453,124,1,0.05004035512510089,0.04,0.007096233501987251,0.19544063736193729,0.18834440385995005,1.0,0.4956,0.4906,1,1,0.05
03_sample_uncertainty,21,293944505341523092241060328103556328419,5000,0.2,0.0,depolarizing,0.0,0.5,0.2,25,0.11,0.95,5000,2467,25,2442,122,2,0.04945277665180381,0.08,0.02222040128484759,0.2496610895039531,0.2274406882191055,1.0,0.4934,0.4884,1,1,0.05
03_sample_uncertainty,22,208718875121812665933867571004943095077,5000,0.2,0.0,depolarizing,0.0,0.5,0.2,25,0.11,0.95,5000,2560,25,2535,114,3,0.04453125,0.12,0.041668171504403634,0.2995579392092732,0.2578897677048696,1.0,0.512,0.507,1,1,0.05
03_sample_uncertainty,23,325908459379235116219031945086905414055,5000,0.2,0.0,depolarizing,0.0,0.5,0.2,25,0.11,0.95,5000,2448,25,2423,108,0,0.04411764705882353,0.0,0.0,0.13319225093904843,0.13319225093904843,1.0,0.4896,0.4846,0,1,0.05
03_sample_uncertainty,24,252795426365734682749848894553272686651,5000,0.2,0.0,depolarizing,0.0,0.5,0.2,25,0.11,0.95,5000,2488,25,2463,119,2,0.04782958199356913,0.08,0.02222040128484759,0.2496610895039531,0.2274406882191055,1.0,0.4976,0.4926,1,1,0.05
03_sample_uncertainty,25,46561832316954660945247106098275849080,5000,0.2,0.0,depolarizing,0.0,0.5,0.2,25,0.11,0.95,5000,2493,25,2468,130,0,0.052146008824709184,0.0,0.0,0.13319225093904843,0.13319225093904843,1.0,0.4986,0.4936,0,1,0.05
03_sample_uncertainty,26,335266025955087630323713827901793987725,5000,0.2,0.0,depolarizing,0.0,0.5,0.2,25,0.11,0.95,5000,2571,25,2546,128,0,0.049786075457020615,0.0,0.0,0.13319225093904843,0.13319225093904843,1.0,0.5142,0.5092,0,1,0.05
03_sample_uncertainty,27,28303358514484427888687501269271219493,5000,0.2,0.0,depolarizing,0.0,0.5,0.2,25,0.11,0.95,5000,2536,25,2511,138,2,0.05441640378548896,0.08,0.02222040128484759,0.2496610895039531,0.2274406882191055,1.0,0.5072,0.5022,1,1,0.05
03_sample_uncertainty,28,173983738788382616138459020316671669072,5000,0.2,0.0,depolarizing,0.0,0.5,0.2,25,0.11,0.95,5000,2527,25,2502,111,1,0.043925603482390184,0.04,0.007096233501987251,0.19544063736193729,0.18834440385995005,1.0,0.5054,0.5004,1,1,0.05
03_sample_uncertainty,29,126547670528596125229812824102411663289,5000,0.2,0.0,depolarizing,0.0,0.5,0.2,25,0.11,0.95,5000,2398,25,2373,112,2,0.04670558798999166,0.08,0.02222040128484759,0.2496610895039531,0.2274406882191055,1.0,0.4796,0.4746,1,1,0.05
03_sample_uncertainty,0,14166038173207389282980150849939179046,5000,0.2,0.0,depolarizing,0.0,0.5,0.2,50,0.11,0.95,5000,2504,50,2454,130,2,0.051916932907348244,0.04,0.011038884327619819,0.13460090687507018,0.12356202254745036,1.0,0.5008,0.4908,1,1,0.05
03_sample_uncertainty,1,339078303031512906622088382693649419956,5000,0.2,0.0,depolarizing,0.0,0.5,0.2,50,0.11,0.95,5000,2470,50,2420,118,3,0.04777327935222672,0.06,0.020614970348973985,0.1621709168883817,0.14155594653940773,1.0,0.494,0.484,1,1,0.05
03_sample_uncertainty,2,38895889730043085858732750142355741145,5000,0.2,0.0,depolarizing,0.0,0.5,0.2,50,0.11,0.95,5000,2491,50,2441,134,1,0.05379365716579687,0.02,0.0035392592716462293,0.1049544358963781,0.10141517662473187,1.0,0.4982,0.4882,1,1,0.05
03_sample_uncertainty,3,289124776971984170136198396987239763990,5000,0.2,0.0,depolarizing,0.0,0.5,0.2,50,0.11,0.95,5000,2512,50,2462,127,2,0.050557324840764334,0.04,0.011038884327619819,0.13460090687507018,0.12356202254745036,1.0,0.5024,0.4924,1,1,0.05
03_sample_uncertainty,4,41300388731815523047459068661607174037,5000,0.2,0.0,depolarizing,0.0,0.5,0.2,50,0.11,0.95,5000,2517,50,2467,132,1,0.052443384982121574,0.02,0.0035392592716462293,0.1049544358963781,0.10141517662473187,1.0,0.5034,0.4934,1,1,0.05
03_sample_uncertainty,5,91216260327140041314431629542969328616,5000,0.2,0.0,depolarizing,0.0,0.5,0.2,50,0.11,0.95,5000,2459,50,2409,143,1,0.05815372102480683,0.02,0.0035392592716462293,0.1049544358963781,0.10141517662473187,1.0,0.4918,0.4818,1,1,0.05
03_sample_uncertainty,6,337867583638428576488131356669786163267,5000,0.2,0.0,depolarizing,0.0,0.5,0.2,50,0.11,0.95,5000,2535,50,2485,141,1,0.05562130177514793,0.02,0.0035392592716462293,0.1049544358963781,0.10141517662473187,1.0,0.507,0.497,1,1,0.05
03_sample_uncertainty,7,238619719117008617235926706848698596649,5000,0.2,0.0,depolarizing,0.0,0.5,0.2,50,0.11,0.95,5000,2539,50,2489,123,2,0.04844426939740055,0.04,0.011038884327619819,0.13460090687507018,0.12356202254745036,1.0,0.5078,0.4978,1,1,0.05
03_sample_uncertainty,8,41810677270407676490146052848968128992,5000,0.2,0.0,depolarizing,0.0,0.5,0.2,50,0.11,0.95,5000,2554,50,2504,130,3,0.05090054815974941,0.06,0.020614970348973985,0.1621709168883817,0.14155594653940773,1.0,0.5108,0.5008,1,1,0.05
03_sample_uncertainty,9,48903637641493143501545092588509789020,5000,0.2,0.0,depolarizing,0.0,0.5,0.2,50,0.11,0.95,5000,2467,50,2417,120,1,0.04864207539521686,0.02,0.0035392592716462293,0.1049544358963781,0.10141517662473187,1.0,0.4934,0.4834,1,1,0.05
03_sample_uncertainty,10,303617820071747634726280688744780106955,5000,0.2,0.0,depolarizing,0.0,0.5,0.2,50,0.11,0.95,5000,2544,50,2494,112,0,0.0440251572327044,0.0,0.0,0.07134759913335868,0.07134759913335868,1.0,0.5088,0.4988,0,1,0.05
03_sample_uncertainty,11,316014532229627365006339610563163937532,5000,0.2,0.0,depolarizing,0.0,0.5,0.2,50,0.11,0.95,5000,2558,50,2508,121,0,0.04730258014073495,0.0,0.0,0.07134759913335868,0.07134759913335868,1.0,0.5116,0.5016,0,1,0.05
03_sample_uncertainty,12,158282257609926533296320140788614158114,5000,0.2,0.0,depolarizing,0.0,0.5,0.2,50,0.11,0.95,5000,2495,50,2445,94,1,0.03767535070140281,0.02,0.0035392592716462293,0.1049544358963781,0.10141517662473187,1.0,0.499,0.489,1,1,0.05
03_sample_uncertainty,13,330257050166158795375595456014082769107,5000,0.2,0.0,depolarizing,0.0,0.5,0.2,50,0.11,0.95,5000,2537,50,2487,130,6,0.051241623965313364,0.12,0.05617600150932277,0.23804817383202986,0.18187217232270708,1.0,0.5074,0.4974,1,1,0.05
03_sample_uncertainty,14,335501002313302057558042003583825184714,5000,0.2,0.0,depolarizing,0.0,0.5,0.2,50,0.11,0.95,5000,2512,50,2462,108,1,0.042993630573248405,0.02,0.0035392592716462293,0.1049544358963781,0.10141517662473187,1.0,0.5024,0.4924,1,1,0.05
03_sample_uncertainty,15,203933427675981142480813642898551846127,5000,0.2,0.0,depolarizing,0.0,0.5,0.2,50,0.11,0.95,5000,2465,50,2415,149,2,0.06044624746450304,0.04,0.011038884327619819,0.13460090687507018,0.12356202254745036,1.0,0.493,0.483,1,1,0.05
03_sample_uncertainty,16,157628760923563070316458867989430073941,5000,0.2,0.0,depolarizing,0.0,0.5,0.2,50,0.11,0.95,5000,2492,50,2442,116,6,0.04654895666131621,0.12,0.05617600150932277,0.23804817383202986,0.18187217232270708,1.0,0.4984,0.4884,1,1,0.05
03_sample_uncertainty,17,7754105830429904027408388684583308294,5000,0.2,0.0,depolarizing,0.0,0.5,0.2,50,0.11,0.95,5000,2530,50,2480,101,0,0.03992094861660079,0.0,0.0,0.07134759913335868,0.07134759913335868,1.0,0.506,0.496,0,1,0.05
03_sample_uncertainty,18,33073017421308337909086091765121232677,5000,0.2,0.0,depolarizing,0.0,0.5,0.2,50,0.11,0.95,5000,2517,50,2467,125,5,0.049662296384584824,0.1,0.04347576493189044,0.21360231437479654,0.17012654944290612,1.0,0.5034,0.4934,1,1,0.05
03_sample_uncertainty,19,201301179781960435241305449694838361956,5000,0.2,0.0,depolarizing,0.0,0.5,0.2,50,0.11,0.95,5000,2479,50,2429,134,4,0.05405405405405406,0.08,0.03154951408859297,0.18838246918342832,0.15683295509483536,1.0,0.4958,0.4858,1,1,0.05
03_sample_uncertainty,20,128835580039183233960532471609684466965,5000,0.2,0.0,depolarizing,0.0,0.5,0.2,50,0.11,0.95,5000,2464,50,2414,128,2,0.05194805194805195,0.04,0.011038884327619819,0.13460090687507018,0.12356202254745036,1.0,0.4928,0.4828,1,1,0.05
03_sample_uncertainty,21,104382363168720577287786650530679140626,5000,0.2,0.0,depolarizing,0.0,0.5,0.2,50,0.11,0.95,5000,2495,50,2445,112,1,0.044889779559118236,0.02,0.0035392592716462293,0.1049544358963781,0.10141517662473187,1.0,0.499,0.489,1,1,0.05
03_sample_uncertainty,22,147488019335754869980865288006904762992,5000,0.2,0.0,depolarizing,0.0,0.5,0.2,50,0.11,0.95,5000,2536,50,2486,129,2,0.050867507886435334,0.04,0.011038884327619819,0.13460090687507018,0.12356202254745036,1.0,0.5072,0.4972,1,1,0.05
03_sample_uncertainty,23,328216830435800269710560200379142953258,5000,0.2,0.0,depolarizing,0.0,0.5,0.2,50,0.11,0.95,5000,2459,50,2409,102,1,0.0414802765351769,0.02,0.0035392592716462293,0.1049544358963781,0.10141517662473187,1.0,0.4918,0.4818,1,1,0.05
03_sample_uncertainty,24,116948510490971485099814159311917543508,5000,0.2,0.0,depolarizing,0.0,0.5,0.2,50,0.11,0.95,5000,2563,50,2513,127,2,0.04955130706203668,0.04,0.011038884327619819,0.13460090687507018,0.12356202254745036,1.0,0.5126,0.5026,1,1,0.05
03_sample_uncertainty,25,234278063375607946086904011699377380892,5000,0.2,0.0,depolarizing,0.0,0.5,0.2,50,0.11,0.95,5000,2557,50,2507,123,0,0.04810324599139617,0.0,0.0,0.07134759913335868,0.07134759913335868,1.0,0.5114,0.5014,0,1,0.05
03_sample_uncertainty,26,158101180165853575575345845212511157267,5000,0.2,0.0,depolarizing,0.0,0.5,0.2,50,0.11,0.95,5000,2525,50,2475,118,3,0.04673267326732673,0.06,0.020614970348973985,0.1621709168883817,0.14155594653940773,1.0,0.505,0.495,1,1,0.05
03_sample_uncertainty,27,89288740581852934102108945498960050527,5000,0.2,0.0,depolarizing,0.0,0.5,0.2,50,0.11,0.95,5000,2470,50,2420,106,1,0.04291497975708502,0.02,0.0035392592716462293,0.1049544358963781,0.10141517662473187,1.0,0.494,0.484,1,1,0.05
03_sample_uncertainty,28,31347474682290089104064640014146831414,5000,0.2,0.0,depolarizing,0.0,0.5,0.2,50,0.11,0.95,5000,2519,50,2469,112,2,0.0444620881302104,0.04,0.011038884327619819,0.13460090687507018,0.12356202254745036,1.0,0.5038,0.4938,1,1,0.05
03_sample_uncertainty,29,215217250722514177417104815866318693835,5000,0.2,0.0,depolarizing,0.0,0.5,0.2,50,0.11,0.95,5000,2512,50,2462,130,2,0.0517515923566879,0.04,0.011038884327619819,0.13460090687507018,0.12356202254745036,1.0,0.5024,0.4924,1,1,0.05
03_sample_uncertainty,0,326400132959251452312517571859313136339,5000,0.2,0.0,depolarizing,0.0,0.5,0.2,100,0.11,0.95,5000,2474,100,2374,123,4,0.049717057396928055,0.04,0.01566330399154762,0.09837071435887917,0.08270741036733156,1.0,0.4948,0.4748,1,1,0.05
03_sample_uncertainty,1,59322513550921781901410887082035117140,5000,0.2,0.0,depolarizing,0.0,0.5,0.2,100,0.11,0.95,5000,2491,100,2391,139,4,0.055800883179446,0.04,0.01566330399154762,0.09837071435887917,0.08270741036733156,1.0,0.4982,0.4782,1,1,0.05
03_sample_uncertainty,2,329027149995344832259501095685489854851,5000,0.2,0.0,depolarizing,0.0,0.5,0.2,100,0.11,0.95,5000,2505,100,2405,121,5,0.048303393213572854,0.05,0.02154367915436798,0.11175046923191911,0.09020679007755114,1.0,0.501,0.481,1,1,0.05
03_sample_uncertainty,3,213550321449172070622082054609630069505,5000,0.2,0.0,depolarizing,0.0,0.5,0.2,100,0.11,0.95,5000,2419,100,2319,110,5,0.0454733360892931,0.05,0.02154367915436798,0.11175046923191911,0.09020679007755114,1.0,0.4838,0.4638,1,1,0.05
03_sample_uncertainty,4,75906403648292610772831164669237053088,5000,0.2,0.0,depolarizing,0.0,0.5,0.2,100,0.11,0.95,5000,2488,100,2388,102,7,0.0409967845659164,0.07,0.03431926106727268,0.13749514739073498,0.1031758863234623,1.0,0.4976,0.4776,1,1,0.05
03_sample_uncertainty,5,289994144499998605893343220906825770262,5000,0.2,0.0,depolarizing,0.0,0.5,0.2,100,0.11,0.95,5000,2444,100,2344,105,5,0.042962356792144024,0.05,0.02154367915436798,0.11175046923191911,0.09020679007755114,1.0,0.4888,0.4688,1,1,0.05
03_sample_uncertainty,6,317402228166210247191702359390192285857,5000,0.2,0.0,depolarizing,0.0,0.5,0.2,100,0.11,0.95,5000,2467,100,2367,118,9,0.047831374138629916,0.09,0.04807254000256516,0.16226212852716307,0.1141895885245979,1.0,0.4934,0.4734,1,1,0.05
03_sample_uncertainty,7,303928602418565135563323024270245051090,5000,0.2,0.0,depolarizing,0.0,0.5,0.2,100,0.11,0.95,5000,2532,100,2432,140,6,0.05529225908372828,0.06,0.027786123963188185,0.12476815445895917,0.09698203049577098,1.0,0.5064,0.4864,1,1,0.05
03_sample_uncertainty,8,243967570525516855580942272994434952283,5000,0.2,0.0,depolarizing,0.0,0.5,0.2,100,0.11,0.95,5000,2559,100,2459,132,11,0.05158264947245018,0.11,0.0625419635706457,0.1863129650308031,0.1237710014601574,1.0,0.5118,0.4918,1,1,0.05
03_sample_uncertainty,9,134592627590141717975110059300600938905,5000,0.2,0.0,depolarizing,0.0,0.5,0.2,100,0.11,0.95,5000,2533,100,2433,123,8,0.04855902092380576,0.08,0.04109346148438063,0.14998107700948732,0.10888761552510669,1.0,0.5066,0.4866,1,1,0.05
03_sample_uncertainty,10,264598976995366348125517207105771289689,5000,0.2,0.0,depolarizing,0.0,0.5,0.2,100,0.11,0.95,5000,2531,100,2431,137,4,0.054128802844725404,0.04,0.01566330399154762,0.09837071435887917,0.08270741036733156,1.0,0.5062,0.4862,1,1,0.05
03_sample_uncertainty,11,51531164449763615676559415535379361071,5000,0.2,0.0,depolarizing,0.0,0.5,0.2,100,0.11,0.95,5000,2477,100,2377,120,3,0.04844570044408559,0.03,0.010254524024038925,0.08451936429052759,0.07426484026648866,1.0,0.4954,0.4754,1,1,0.05
03_sample_uncertainty,12,93896233681614768626277808935713304727,5000,0.2,0.0,depolarizing,0.0,0.5,0.2,100,0.11,0.95,5000,2461,100,2361,121,6,0.04916700528240553,0.06,0.027786123963188185,0.12476815445895917,0.09698203049577098,1.0,0.4922,0.4722,1,1,0.05
03_sample_uncertainty,13,227523561413575188885169378522213693637,5000,0.2,0.0,depolarizing,0.0,0.5,0.2,100,0.11,0.95,5000,2455,100,2355,149,4,0.06069246435845214,0.04,0.01566330399154762,0.09837071435887917,0.08270741036733156,1.0,0.491,0.471,1,1,0.05
03_sample_uncertainty,14,232103060105466288832812597105214188897,5000,0.2,0.0,depolarizing,0.0,0.5,0.2,100,0.11,0.95,5000,2497,100,2397,131,5,0.05246295554665599,0.05,0.02154367915436798,0.11175046923191911,0.09020679007755114,1.0,0.4994,0.4794,1,1,0.05
03_sample_uncertainty,15,182408631615329233704869336299769806415,5000,0.2,0.0,depolarizing,0.0,0.5,0.2,100,0.11,0.95,5000,2491,100,2391,127,5,0.05098354074668808,0.05,0.02154367915436798,0.11175046923191911,0.09020679007755114,1.0,0.4982,0.4782,1,1,0.05
03_sample_uncertainty,16,297779683351088293424107698471808457473,5000,0.2,0.0,depolarizing,0.0,0.5,0.2,100,0.11,0.95,5000,2479,100,2379,125,6,0.050423557886244454,0.06,0.027786123963188185,0.12476815445895917,0.09698203049577098,1.0,0.4958,0.4758,1,1,0.05
03_sample_uncertainty,17,246606677221657893512005322843306126192,5000,0.2,0.0,depolarizing,0.0,0.5,0.2,100,0.11,0.95,5000,2521,100,2421,122,6,0.04839349464498215,0.06,0.027786123963188185,0.12476815445895917,0.09698203049577098,1.0,0.5042,0.4842,1,1,0.05
03_sample_uncertainty,18,156286149239470839343228669796893128774,5000,0.2,0.0,depolarizing,0.0,0.5,0.2,100,0.11,0.95,5000,2537,100,2437,138,6,0.05439495467087111,0.06,0.027786123963188185,0.12476815445895917,0.09698203049577098,1.0,0.5074,0.4874,1,1,0.05
03_sample_uncertainty,19,68045159642133001223761458204001876029,5000,0.2,0.0,depolarizing,0.0,0.5,0.2,100,0.11,0.95,5000,2504,100,2404,122,4,0.048722044728434506,0.04,0.01566330399154762,0.09837071435887917,0.08270741036733156,1.0,0.5008,0.4808,1,1,0.05
03_sample_uncertainty,20,26650647275487600345845878991937011327,5000,0.2,0.0,depolarizing,0.0,0.5,0.2,100,0.11,0.95,5000,2497,100,2397,114,5,0.04565478574289147,0.05,0.02154367915436798,0.11175046923191911,0.09020679007755114,1.0,0.4994,0.4794,1,1,0.05
03_sample_uncertainty,21,297294679227606168322603362583614115822,5000,0.2,0.0,depolarizing,0.0,0.5,0.2,100,0.11,0.95,5000,2525,100,2425,137,7,0.05425742574257426,0.07,0.03431926106727268,0.13749514739073498,0.1031758863234623,1.0,0.505,0.485,1,1,0.05
03_sample_uncertainty,22,312248949519274805503851104290473030734,5000,0.2,0.0,depolarizing,0.0,0.5,0.2,100,0.11,0.95,5000,2558,100,2458,119,3,0.04652071931196247,0.03,0.010254524024038925,0.08451936429052759,0.07426484026648866,1.0,0.5116,0.4916,1,1,0.05
03_sample_uncertainty,23,55519233258681968915505400122371244238,5000,0.2,0.0,depolarizing,0.0,0.5,0.2,100,0.11,0.95,5000,2471,100,2371,132,1,0.053419668150546336,0.01,0.0017674320641406435,0.054486196178705294,0.05271876411456465,1.0,0.4942,0.4742,1,1,0.05
03_sample_uncertainty,24,296656214263820761462475299011590402199,5000,0.2,0.0,depolarizing,0.0,0.5,0.2,100,0.11,0.95,5000,2486,100,2386,125,3,0.0502815768302494,0.03,0.010254524024038925,0.08451936429052759,0.07426484026648866,1.0,0.4972,0.4772,1,1,0.05
03_sample_uncertainty,25,124090334593148149885438911844815743414,5000,0.2,0.0,depolarizing,0.0,0.5,0.2,100,0.11,0.95,5000,2528,100,2428,120,9,0.04746835443037975,0.09,0.04807254000256516,0.16226212852716307,0.1141895885245979,1.0,0.5056,0.4856,1,1,0.05
03_sample_uncertainty,26,269532731516048376253198031407538089257,5000,0.2,0.0,depolarizing,0.0,0.5,0.2,100,0.11,0.95,5000,2482,100,2382,125,6,0.050362610797743755,0.06,0.027786123963188185,0.12476815445895917,0.09698203049577098,1.0,0.4964,0.4764,1,1,0.05
03_sample_uncertainty,27,126416575619811043491742059661544902950,5000,0.2,0.0,depolarizing,0.0,0.5,0.2,100,0.11,0.95,5000,2522,100,2422,124,6,0.04916732751784298,0.06,0.027786123963188185,0.12476815445895917,0.09698203049577098,1.0,0.5044,0.4844,1,1,0.05
03_sample_uncertainty,28,172654852920344737866599982258409347502,5000,0.2,0.0,depolarizing,0.0,0.5,0.2,100,0.11,0.95,5000,2463,100,2363,131,4,0.05318717011774259,0.04,0.01566330399154762,0.09837071435887917,0.08270741036733156,1.0,0.4926,0.4726,1,1,0.05
03_sample_uncertainty,29,67007434605367342674377703182460439413,5000,0.2,0.0,depolarizing,0.0,0.5,0.2,100,0.11,0.95,5000,2473,100,2373,117,7,0.04731095835018197,0.07,0.03431926106727268,0.13749514739073498,0.1031758863234623,1.0,0.4946,0.4746,1,1,0.05
03_sample_uncertainty,0,133902806763505048487696227550217111275,5000,0.2,0.0,depolarizing,0.0,0.5,0.2,250,0.11,0.95,5000,2566,250,2316,117,5,0.045596258768511304,0.02,0.008572324384058201,0.04595564313156859,0.037383318747510386,1.0,0.5132,0.4632,1,1,0.05
03_sample_uncertainty,1,276994957520156608481027983479303783508,5000,0.2,0.0,depolarizing,0.0,0.5,0.2,250,0.11,0.95,5000,2547,250,2297,147,12,0.05771495877502945,0.048,0.02766820153069461,0.08201230121318728,0.05434409968249267,1.0,0.5094,0.4594,1,1,0.05
03_sample_uncertainty,2,146979434508625371092202590558519867697,5000,0.2,0.0,depolarizing,0.0,0.5,0.2,250,0.11,0.95,5000,2419,250,2169,127,13,0.05250103348491112,0.052,0.030637655164191247,0.08692178118372708,0.056284126019535835,1.0,0.4838,0.4338,1,1,0.05
03_sample_uncertainty,3,296388724296979026601416490686824076176,5000,0.2,0.0,depolarizing,0.0,0.5,0.2,250,0.11,0.95,5000,2524,250,2274,120,16,0.04754358161648178,0.064,0.039774745277095874,0.10142149188293179,0.06164674660583591,1.0,0.5048,0.4548,1,1,0.05
03_sample_uncertainty,4,255697045388784481194389029050176679342,5000,0.2,0.0,depolarizing,0.0,0.5,0.2,250,0.11,0.95,5000,2544,250,2294,112,10,0.0440251572327044,0.04,0.02186991195454254,0.07205272358126646,0.050182811626723924,1.0,0.5088,0.4588,1,1,0.05
03_sample_uncertainty,5,183971862383303139919940459672515934850,5000,0.2,0.0,depolarizing,0.0,0.5,0.2,250,0.11,0.95,5000,2510,250,2260,107,12,0.042629482071713146,0.048,0.02766820153069461,0.08201230121318728,0.05434409968249267,1.0,0.502,0.452,1,1,0.05
03_sample_uncertainty,6,46527253775470374160293647806624756506,5000,0.2,0.0,depolarizing,0.0,0.5,0.2,250,0.11,0.95,5000,2482,250,2232,124,7,0.0499597099113618,0.028,0.013628058600839228,0.05665777612286045,0.04302971752202123,1.0,0.4964,0.4464,1,1,0.05
03_sample_uncertainty,7,120871601626682386495478864402316307756,5000,0.2,0.0,depolarizing,0.0,0.5,0.2,250,0.11,0.95,5000,2497,250,2247,123,12,0.04925911093311974,0.048,0.02766820153069461,0.08201230121318728,0.05434409968249267,1.0,0.4994,0.4494,1,1,0.05
03_sample_uncertainty,8,76644717983877108567219704475676080815,5000,0.2,0.0,depolarizing,0.0,0.5,0.2,250,0.11,0.95,5000,2484,250,2234,132,13,0.05314009661835749,0.052,0.030637655164191247,0.08692178118372708,0.056284126019535835,1.0,0.4968,0.4468,1,1,0.05
03_sample_uncertainty,9,107196481443621338643774610983210748444,5000,0.2,0.0,depolarizing,0.0,0.5,0.2,250,0.11,0.95,5000,2456,250,2206,117,6,0.04763843648208469,0.024,0.011044777306136767,0.05136212381352646,0.04031734650738969,1.0,0.4912,0.4412,1,1,0.05
03_sample_uncertainty,10,286634638225122870513900235486148495022,5000,0.2,0.0,depolarizing,0.0,0.5,0.2,250,0.11,0.95,5000,2490,250,2240,128,12,0.05140562248995984,0.048,0.02766820153069461,0.08201230121318728,0.05434409968249267,1.0,0.498,0.448,1,1,0.05
03_sample_uncertainty,11,134805219478531431778215933932403542380,5000,0.2,0.0,depolarizing,0.0,0.5,0.2,250,0.11,0.95,5000,2514,250,2264,135,14,0.05369928400954654,0.056,0.033647649219010894,0.09179072073294389,0.058143071513933,1.0,0.5028,0.4528,1,1,0.05
03_sample_uncertainty,12,60491679496528501328397802021035397278,5000,0.2,0.0,depolarizing,0.0,0.5,0.2,250,0.11,0.95,5000,2507,250,2257,124,16,0.04946150777822098,0.064,0.039774745277095874,0.10142149188293179,0.06164674660583591,1.0,0.5014,0.4514,1,1,0.05
03_sample_uncertainty,13,306194440291055991558865370762183677715,5000,0.2,0.0,depolarizing,0.0,0.5,0.2,250,0.11,0.95,5000,2520,250,2270,123,12,0.04880952380952381,0.048,0.02766820153069461,0.08201230121318728,0.05434409968249267,1.0,0.504,0.454,1,1,0.05
03_sample_uncertainty,14,273045427221625805736023739384713108553,5000,0.2,0.0,depolarizing,0.0,0.5,0.2,250,0.11,0.95,5000,2462,250,2212,116,11,0.047116165718927704,0.044,0.02474379816749356,0.07705777097235188,0.05231397280485832,1.0,0.4924,0.4424,1,1,0.05
03_sample_uncertainty,15,93268766571554824704047740592483798642,5000,0.2,0.0,depolarizing,0.0,0.5,0.2,250,0.11,0.95,5000,2482,250,2232,125,11,0.050362610797743755,0.044,0.02474379816749356,0.07705777097235188,0.05231397280485832,1.0,0.4964,0.4464,1,1,0.05
03_sample_uncertainty,16,258239927881255622935338704389285550864,5000,0.2,0.0,depolarizing,0.0,0.5,0.2,250,0.11,0.95,5000,2492,250,2242,146,18,0.058587479935794544,0.072,0.046025569258264974,0.11092853510983555,0.06490296585157057,1.0,0.4984,0.4484,1,1,0.05
03_sample_uncertainty,17,66416569363175522761718070481413311361,5000,0.2,0.0,depolarizing,0.0,0.5,0.2,250,0.11,0.95,5000,2498,250,2248,118,18,0.04723779023218575,0.072,0.046025569258264974,0.11092853510983555,0.06490296585157057,1.0,0.4996,0.4496,1,1,0.05
03_sample_uncertainty,18,43786009789329053214539041471258019685,5000,0.2,0.0,depolarizing,0.0,0.5,0.2,250,0.11,0.95,5000,2528,250,2278,110,9,0.043512658227848104,0.036,0.019053279530003277,0.06699042240176928,0.047937142871766,1.0,0.5056,0.4556,1,1,0.05
03_sample_uncertainty,19,41371217961228530964969772178546638003,5000,0.2,0.0,depolarizing,0.0,0.5,0.2,250,0.11,0.95,5000,2491,250,2241,125,10,0.05018065034122842,0.04,0.02186991195454254,0.07205272358126646,0.050182811626723924,1.0,0.4982,0.4482,1,1,0.05
03_sample_uncertainty,20,56102973423351665819150667215858904013,5000,0.2,0.0,depolarizing,0.0,0.5,0.2,250,0.11,0.95,5000,2478,250,2228,118,15,0.047619047619047616,0.06,0.0366944108391085,0.0966228927168827,0.05992848187777419,1.0,0.4956,0.4456,1,1,0.05
03_sample_uncertainty,21,129448434372966368215121424088266216452,5000,0.2,0.0,depolarizing,0.0,0.5,0.2,250,0.11,0.95,5000,2499,250,2249,134,10,0.053621448579431776,0.04,0.02186991195454254,0.07205272358126646,0.050182811626723924,1.0,0.4998,0.4498,1,1,0.05
03_sample_uncertainty,22,305094834655639797408478624940107499626,5000,0.2,0.0,depolarizing,0.0,0.5,0.2,250,0.11,0.95,5000,2532,250,2282,137,14,0.05410742496050553,0.056,0.033647649219010894,0.09179072073294389,0.058143071513933,1.0,0.5064,0.4564,1,1,0.05
03_sample_uncertainty,23,5061551608984967994075588865440828936,5000,0.2,0.0,depolarizing,0.0,0.5,0.2,250,0.11,0.95,5000,2515,250,2265,135,14,0.0536779324055666,0.056,0.033647649219010894,0.09179072073294389,0.058143071513933,1.0,0.503,0.453,1,1,0.05
03_sample_uncertainty,24,285319855476088698651958270467321973892,5000,0.2,0.0,depolarizing,0.0,0.5,0.2,250,0.11,0.95,5000,2473,250,2223,124,11,0.05014152850788516,0.044,0.02474379816749356,0.07705777097235188,0.05231397280485832,1.0,0.4946,0.4446,1,1,0.05
03_sample_uncertainty,25,263713665597451639563424246820583299638,5000,0.2,0.0,depolarizing,0.0,0.5,0.2,250,0.11,0.95,5000,2479,250,2229,103,10,0.04154901169826543,0.04,0.02186991195454254,0.07205272358126646,0.050182811626723924,1.0,0.4958,0.4458,1,1,0.05
03_sample_uncertainty,26,196541023572033833263736778503479602201,5000,0.2,0.0,depolarizing,0.0,0.5,0.2,250,0.11,0.95,5000,2500,250,2250,129,11,0.0516,0.044,0.02474379816749356,0.07705777097235188,0.05231397280485832,1.0,0.5,0.45,1,1,0.05
03_sample_uncertainty,27,112351743430027840813080647303817690799,5000,0.2,0.0,depolarizing,0.0,0.5,0.2,250,0.11,0.95,5000,2472,250,2222,127,12,0.05137540453074434,0.048,0.02766820153069461,0.08201230121318728,0.05434409968249267,1.0,0.4944,0.4444,1,1,0.05
03_sample_uncertainty,28,270081580093327970954561366860397044433,5000,0.2,0.0,depolarizing,0.0,0.5,0.2,250,0.11,0.95,5000,2529,250,2279,109,12,0.04310003954132068,0.048,0.02766820153069461,0.08201230121318728,0.05434409968249267,1.0,0.5058,0.4558,1,1,0.05
03_sample_uncertainty,29,173003996281725928484849651109604542772,5000,0.2,0.0,depolarizing,0.0,0.5,0.2,250,0.11,0.95,5000,2434,250,2184,104,6,0.04272801972062449,0.024,0.011044777306136767,0.05136212381352646,0.04031734650738969,1.0,0.4868,0.4368,1,1,0.05
03_sample_uncertainty,0,21377727344837483655987182717985386187,5000,0.2,0.0,depolarizing,0.0,0.5,0.2,500,0.11,0.95,5000,2554,500,2054,104,23,0.04072043852779953,0.046,0.030845108370816207,0.06807779276827323,0.03723268439745703,1.0,0.5108,0.4108,1,1,0.05
03_sample_uncertainty,1,7871132166104691104380209419229758346,5000,0.2,0.0,depolarizing,0.0,0.5,0.2,500,0.11,0.95,5000,2492,500,1992,129,15,0.05176565008025682,0.03,0.01826321319791339,0.048903666835945714,0.030640453638032323,1.0,0.4984,0.3984,1,1,0.05
03_sample_uncertainty,2,241806541106106095770066172764135770147,5000,0.2,0.0,depolarizing,0.0,0.5,0.2,500,0.11,0.95,5000,2439,500,1939,113,20,0.04633046330463304,0.04,0.026040797389777263,0.0609735958348508,0.034932798445073535,1.0,0.4878,0.3878,1,1,0.05
03_sample_uncertainty,3,274974850643332597601501438618247645511,5000,0.2,0.0,depolarizing,0.0,0.5,0.2,500,0.11,0.95,5000,2504,500,2004,129,26,0.05151757188498403,0.052,0.035730265115705276,0.07510114393784553,0.03937087882214026,1.0,0.5008,0.4008,1,1,0.05
03_sample_uncertainty,4,311130898214935862547401137895758548507,5000,0.2,0.0,depolarizing,0.0,0.5,0.2,500,0.11,0.95,5000,2510,500,2010,141,24,0.05617529880478088,0.048,0.03246520694135317,0.07042719683589006,0.03796198989453689,1.0,0.502,0.402,1,1,0.05
03_sample_uncertainty,5,5763044864478082508609787194581285967,5000,0.2,0.0,depolarizing,0.0,0.5,0.2,500,0.11,0.95,5000,2528,500,2028,107,17,0.042325949367088604,0.034,0.021334519808532196,0.0537713655016345,0.032436845693102304,1.0,0.5056,0.4056,1,1,0.05
03_sample_uncertainty,6,292036299702580830614665815815822839621,5000,0.2,0.0,depolarizing,0.0,0.5,0.2,500,0.11,0.95,5000,2461,500,1961,146,24,0.05932547744819179,0.048,0.03246520694135317,0.07042719683589006,0.03796198989453689,1.0,0.4922,0.3922,1,1,0.05
03_sample_uncertainty,7,311836043262700634631672974156250649588,5000,0.2,0.0,depolarizing,0.0,0.5,0.2,500,0.11,0.95,5000,2466,500,1966,116,23,0.047039740470397405,0.046,0.030845108370816207,0.06807779276827323,0.03723268439745703,1.0,0.4932,0.3932,1,1,0.05
03_sample_uncertainty,8,307785437044480623364334793327228745652,5000,0.2,0.0,depolarizing,0.0,0.5,0.2,500,0.11,0.95,5000,2570,500,2070,113,21,0.04396887159533074,0.042,0.027632310108451706,0.06335158575433014,0.035719275645878436,1.0,0.514,0.414,1,1,0.05
03_sample_uncertainty,9,267397482756822378552202561000652445244,5000,0.2,0.0,depolarizing,0.0,0.5,0.2,500,0.11,0.95,5000,2464,500,1964,141,31,0.057224025974025976,0.062,0.04401920914268158,0.08665971310163821,0.04264050395895663,1.0,0.4928,0.3928,1,1,0.05
03_sample_uncertainty,10,186445919846555305860204068133135190225,5000,0.2,0.0,depolarizing,0.0,0.5,0.2,500,0.11,0.95,5000,2485,500,1985,144,34,0.0579476861167002,0.068,0.04906650742490687,0.0935209227338743,0.04445441530896743,1.0,0.497,0.397,1,1,0.05
03_sample_uncertainty,11,332582706557670215835457611277253667051,5000,0.2,0.0,depolarizing,0.0,0.5,0.2,500,0.11,0.95,5000,2591,500,2091,112,23,0.043226553454264766,0.046,0.030845108370816207,0.06807779276827323,0.03723268439745703,1.0,0.5182,0.4182,1,1,0.05
03_sample_uncertainty,12,205107557361469896268847143122317097803,5000,0.2,0.0,depolarizing,0.0,0.5,0.2,500,0.11,0.95,5000,2477,500,1977,121,24,0.04884941461445297,0.048,0.03246520694135317,0.07042719683589006,0.03796198989453689,1.0,0.4954,0.3954,1,1,0.05
03_sample_uncertainty,13,109592123223013226868073900711130138774,5000,0.2,0.0,depolarizing,0.0,0.5,0.2,500,0.11,0.95,5000,2519,500,2019,130,27,0.05160778086542279,0.054,0.037374350181057524,0.07742656151064709,0.04005221132958956,1.0,0.5038,0.4038,1,1,0.05
03_sample_uncertainty,14,167326481577529149355111067023947678900,5000,0.2,0.0,depolarizing,0.0,0.5,0.2,500,0.11,0.95,5000,2496,500,1996,137,22,0.05488782051282051,0.044,0.029233955628607186,0.06571944287232845,0.03648548724372126,1.0,0.4992,0.3992,1,1,0.05
03_sample_uncertainty,15,340224023760565529700357153716721284754,5000,0.2,0.0,depolarizing,0.0,0.5,0.2,500,0.11,0.95,5000,2485,500,1985,126,17,0.05070422535211268,0.034,0.021334519808532196,0.0537713655016345,0.032436845693102304,1.0,0.497,0.397,1,1,0.05
03_sample_uncertainty,16,313184611395992652492193729573573943526,5000,0.2,0.0,depolarizing,0.0,0.5,0.2,500,0.11,0.95,5000,2494,500,1994,113,20,0.045308740978348035,0.04,0.026040797389777263,0.0609735958348508,0.034932798445073535,1.0,0.4988,0.3988,1,1,0.05
03_sample_uncertainty,17,64345033151735199615946981730762134118,5000,0.2,0.0,depolarizing,0.0,0.5,0.2,500,0.11,0.95,5000,2494,500,1994,134,25,0.053728949478749,0.05,0.03409374524384944,0.07276816117154758,0.03867441592769814,1.0,0.4988,0.3988,1,1,0.05
03_sample_uncertainty,18,251604532856247424670806564602673341394,5000,0.2,0.0,depolarizing,0.0,0.5,0.2,500,0.11,0.95,5000,2452,500,1952,127,24,0.051794453507340944,0.048,0.03246520694135317,0.07042719683589006,0.03796198989453689,1.0,0.4904,0.3904,1,1,0.05
03_sample_uncertainty,19,296698016313348495024048299359740140928,5000,0.2,0.0,depolarizing,0.0,0.5,0.2,500,0.11,0.95,5000,2466,500,1966,133,24,0.05393349553933496,0.048,0.03246520694135317,0.07042719683589006,0.03796198989453689,1.0,0.4932,0.3932,1,1,0.05
03_sample_uncertainty,20,79773316055804806151571300477119982467,5000,0.2,0.0,depolarizing,0.0,0.5,0.2,500,0.11,0.95,5000,2470,500,1970,135,24,0.05465587044534413,0.048,0.03246520694135317,0.07042719683589006,0.03796198989453689,1.0,0.494,0.394,1,1,0.05
03_sample_uncertainty,21,49683208484123655687983192166991132753,5000,0.2,0.0,depolarizing,0.0,0.5,0.2,500,0.11,0.95,5000,2552,500,2052,130,22,0.050940438871473356,0.044,0.029233955628607186,0.06571944287232845,0.03648548724372126,1.0,0.5104,0.4104,1,1,0.05
03_sample_uncertainty,22,109399405538165159283319144571474031147,5000,0.2,0.0,depolarizing,0.0,0.5,0.2,500,0.11,0.95,5000,2552,500,2052,128,24,0.050156739811912224,0.048,0.03246520694135317,0.07042719683589006,0.03796198989453689,1.0,0.5104,0.4104,1,1,0.05
03_sample_uncertainty,23,23521675912984594942069016157261322306,5000,0.2,0.0,depolarizing,0.0,0.5,0.2,500,0.11,0.95,5000,2490,500,1990,107,17,0.0429718875502008,0.034,0.021334519808532196,0.0537713655016345,0.032436845693102304,1.0,0.498,0.398,1,1,0.05
03_sample_uncertainty,24,258137156757664229090963793782333434075,5000,0.2,0.0,depolarizing,0.0,0.5,0.2,500,0.11,0.95,5000,2452,500,1952,128,31,0.052202283849918436,0.062,0.04401920914268158,0.08665971310163821,0.04264050395895663,1.0,0.4904,0.3904,1,1,0.05
03_sample_uncertainty,25,25044718870489668688953279413896961572,5000,0.2,0.0,depolarizing,0.0,0.5,0.2,500,0.11,0.95,5000,2493,500,1993,120,20,0.048134777376654635,0.04,0.026040797389777263,0.0609735958348508,0.034932798445073535,1.0,0.4986,0.3986,1,1,0.05
03_sample_uncertainty,26,233193324287078298429984594733097202103,5000,0.2,0.0,depolarizing,0.0,0.5,0.2,500,0.11,0.95,5000,2507,500,2007,139,28,0.05544475468687674,0.056,0.03902562068315149,0.0797447936467069,0.040719172963555414,1.0,0.5014,0.4014,1,1,0.05
03_sample_uncertainty,27,270328935288731378210871721241529085169,5000,0.2,0.0,depolarizing,0.0,0.5,0.2,500,0.11,0.95,5000,2459,500,1959,135,29,0.05490036600244002,0.058,0.0406837291117572,0.08205618785625499,0.041372458744497784,1.0,0.4918,0.3918,1,1,0.05
03_sample_uncertainty,28,90573559313642399190994408220367676116,5000,0.2,0.0,depolarizing,0.0,0.5,0.2,500,0.11,0.95,5000,2546,500,2046,116,25,0.04556166535742341,0.05,0.03409374524384944,0.07276816117154758,0.03867441592769814,1.0,0.5092,0.4092,1,1,0.05
03_sample_uncertainty,29,297670162391524330634415095894667663946,5000,0.2,0.0,depolarizing,0.0,0.5,0.2,500,0.11,0.95,5000,2529,500,2029,115,23,0.045472518782127325,0.046,0.030845108370816207,0.06807779276827323,0.03723268439745703,1.0,0.5058,0.4058,1,1,0.05
03_sample_uncertainty,0,330973342430323290485366989971413368651,5000,0.2,0.0,depolarizing,0.0,0.5,0.2,1000,0.11,0.95,5000,2547,1000,1547,123,42,0.048292108362779744,0.042,0.03122088554616545,0.056284425226603055,0.025063539680437605,1.0,0.5094,0.3094,1,1,0.05
03_sample_uncertainty,1,306235692498802403846960501533862750747,5000,0.2,0.0,depolarizing,0.0,0.5,0.2,1000,0.11,0.95,5000,2517,1000,1517,126,53,0.050059594755661505,0.053,0.04074650524859452,0.06867461683749176,0.027928111588897242,1.0,0.5034,0.3034,1,1,0.05
03_sample_uncertainty,2,224194532079281071814728847125029073687,5000,0.2,0.0,depolarizing,0.0,0.5,0.2,1000,0.11,0.95,5000,2519,1000,1519,133,61,0.05279872965462485,0.061,0.04777977512603371,0.07758011882428367,0.029800343698249965,1.0,0.5038,0.3038,1,1,0.05
03_sample_uncertainty,3,85308803741208234222391793861869974799,5000,0.2,0.0,depolarizing,0.0,0.5,0.2,1000,0.11,0.95,5000,2494,1000,1494,131,50,0.05252606255012029,0.05,0.03813026239274882,0.06531382024425081,0.02718355785150199,1.0,0.4988,0.2988,1,1,0.05
03_sample_uncertainty,4,134158174892061912578405157738826027472,5000,0.2,0.0,depolarizing,0.0,0.5,0.2,1000,0.11,0.95,5000,2487,1000,1487,120,46,0.04825090470446321,0.046,0.03466249276326499,0.06081220394161906,0.026149711178354074,1.0,0.4974,0.2974,1,1,0.05
03_sample_uncertainty,5,243051979340205588398661830134170312673,5000,0.2,0.0,depolarizing,0.0,0.5,0.2,1000,0.11,0.95,5000,2529,1000,1529,124,56,0.049031237643337285,0.056,0.043374813385442,0.07202334814973095,0.028648534764288948,1.0,0.5058,0.3058,1,1,0.05
03_sample_uncertainty,6,140590283210692029732705423972505084056,5000,0.2,0.0,depolarizing,0.0,0.5,0.2,1000,0.11,0.95,5000,2438,1000,1438,119,56,0.04881050041017227,0.056,0.043374813385442,0.07202334814973095,0.028648534764288948,1.0,0.4876,0.2876,1,1,0.05
03_sample_uncertainty,7,74405394815440578753692755392139249868,5000,0.2,0.0,depolarizing,0.0,0.5,0.2,1000,0.11,0.95,5000,2557,1000,1557,141,54,0.055142745404771216,0.054,0.04162131372306273,0.06979215484605245,0.028170841122989718,1.0,0.5114,0.3114,1,1,0.05
03_sample_uncertainty,8,107346614395843112917150610102082331875,5000,0.2,0.0,depolarizing,0.0,0.5,0.2,1000,0.11,0.95,5000,2445,1000,1445,121,47,0.04948875255623722,0.047,0.0355271051063845,0.06193993808152845,0.02641283297514395,1.0,0.489,0.289,1,1,0.05
03_sample_uncertainty,9,302178797994444060558667993155994818600,5000,0.2,0.0,depolarizing,0.0,0.5,0.2,1000,0.11,0.95,5000,2456,1000,1456,127,49,0.05171009771986971,0.049,0.03726103464736062,0.06419070150661012,0.026929666859249496,1.0,0.4912,0.2912,1,1,0.05
03_sample_uncertainty,10,312615251182846601950772063061720346319,5000,0.2,0.0,depolarizing,0.0,0.5,0.2,1000,0.11,0.95,5000,2492,1000,1492,135,55,0.05417335473515249,0.055,0.04249742737476845,0.07090838767737563,0.02841096030260718,1.0,0.4984,0.2984,1,1,0.05
03_sample_uncertainty,11,339423752726256546108081851819730340169,5000,0.2,0.0,depolarizing,0.0,0.5,0.2,1000,0.11,0.95,5000,2475,1000,1475,107,40,0.04323232323232323,0.04,0.029510973685452767,0.05400964412125795,0.024498670435805184,1.0,0.495,0.295,1,1,0.05
03_sample_uncertainty,12,109969664938498451224469121712671369899,5000,0.2,0.0,depolarizing,0.0,0.5,0.2,1000,0.11,0.95,5000,2503,1000,1503,115,37,0.04594486616060727,0.037,0.026961180875554738,0.0505823974820693,0.023621216606514565,1.0,0.5006,0.3006,1,1,0.05
03_sample_uncertainty,13,94191785631263839962240954204490890472,5000,0.2,0.0,depolarizing,0.0,0.5,0.2,1000,0.11,0.95,5000,2531,1000,1531,120,62,0.047412090082971155,0.062,0.04866418011998064,0.07868806031336564,0.030023880193385005,1.0,0.5062,0.3062,1,1,0.05
03_sample_uncertainty,14,153125572265460493162608918924508854817,5000,0.2,0.0,depolarizing,0.0,0.5,0.2,1000,0.11,0.95,5000,2535,1000,1535,138,57,0.054437869822485205,0.057,0.04425344035871594,0.07313706765948591,0.028883627300769973,1.0,0.507,0.307,1,1,0.05
03_sample_uncertainty,15,262993085082789234553875732662622336510,5000,0.2,0.0,depolarizing,0.0,0.5,0.2,1000,0.11,0.95,5000,2545,1000,1545,135,48,0.05304518664047151,0.048,0.036393301020807914,0.06306608865013393,0.02667278762932601,1.0,0.509,0.309,1,1,0.05
03_sample_uncertainty,16,215869782577521901963047139680583762652,5000,0.2,0.0,depolarizing,0.0,0.5,0.2,1000,0.11,0.95,5000,2486,1000,1486,110,44,0.04424778761061947,0.044,0.0329382145884185,0.058551789150407776,0.025613574561989275,1.0,0.4972,0.2972,1,1,0.05
03_sample_uncertainty,17,64274829987105223064412188723880903334,5000,0.2,0.0,depolarizing,0.0,0.5,0.2,1000,0.11,0.95,5000,2506,1000,1506,123,39,0.04908220271348763,0.039,0.028658960904180485,0.052869310419501346,0.02421034951532086,1.0,0.5012,0.3012,1,1,0.05
03_sample_uncertainty,18,71718223361301237958279764808879747334,5000,0.2,0.0,depolarizing,0.0,0.5,0.2,1000,0.11,0.95,5000,2491,1000,1491,123,48,0.04937775993576877,0.048,0.036393301020807914,0.06306608865013393,0.02667278762932601,1.0,0.4982,0.2982,1,1,0.05
03_sample_uncertainty,19,126317880121683065320610736262305590260,5000,0.2,0.0,depolarizing,0.0,0.5,0.2,1000,0.11,0.95,5000,2511,1000,1511,113,46,0.04500199123855038,0.046,0.03466249276326499,0.06081220394161906,0.026149711178354074,1.0,0.5022,0.3022,1,1,0.05
03_sample_uncertainty,20,289126458207146222629528380898921118940,5000,0.2,0.0,depolarizing,0.0,0.5,0.2,1000,0.11,0.95,5000,2462,1000,1462,130,58,0.05280259951259139,0.058,0.04513327823499825,0.0742495762662325,0.029116298031234257,1.0,0.4924,0.2924,1,1,0.05
03_sample_uncertainty,21,144319959809593015197943006066381543820,5000,0.2,0.0,depolarizing,0.0,0.5,0.2,1000,0.11,0.95,5000,2469,1000,1469,120,50,0.04860267314702309,0.05,0.03813026239274882,0.06531382024425081,0.02718355785150199,1.0,0.4938,0.2938,1,1,0.05
03_sample_uncertainty,22,264616003068738837577309578792122836816,5000,0.2,0.0,depolarizing,0.0,0.5,0.2,1000,0.11,0.95,5000,2471,1000,1471,128,54,0.05180089032780251,0.054,0.04162131372306273,0.06979215484605245,0.028170841122989718,1.0,0.4942,0.2942,1,1,0.05
03_sample_uncertainty,23,86284044730711774041211542688551736497,5000,0.2,0.0,depolarizing,0.0,0.5,0.2,1000,0.11,0.95,5000,2508,1000,1508,143,60,0.05701754385964912,0.06,0.04689647267593196,0.07647107479135655,0.029574602115424592,1.0,0.5016,0.3016,1,1,0.05
03_sample_uncertainty,24,276839126712369010846067260562025052726,5000,0.2,0.0,depolarizing,0.0,0.5,0.2,1000,0.11,0.95,5000,2463,1000,1463,126,47,0.05115712545676005,0.047,0.0355271051063845,0.06193993808152845,0.02641283297514395,1.0,0.4926,0.2926,1,1,0.05
03_sample_uncertainty,25,754671683126459776460051716498747920,5000,0.2,0.0,depolarizing,0.0,0.5,0.2,1000,0.11,0.95,5000,2526,1000,1526,131,51,0.051860649247822646,0.051,0.03900094277526685,0.06643548634476165,0.027434543569494804,1.0,0.5052,0.3052,1,1,0.05
03_sample_uncertainty,26,105630948621999085923026110971314169495,5000,0.2,0.0,depolarizing,0.0,0.5,0.2,1000,0.11,0.95,5000,2472,1000,1472,136,54,0.05501618122977346,0.054,0.04162131372306273,0.06979215484605245,0.028170841122989718,1.0,0.4944,0.2944,1,1,0.05
03_sample_uncertainty,27,90236527200635515189295670785959181239,5000,0.2,0.0,depolarizing,0.0,0.5,0.2,1000,0.11,0.95,5000,2478,1000,1478,122,57,0.04923325262308313,0.057,0.04425344035871594,0.07313706765948591,0.028883627300769973,1.0,0.4956,0.2956,1,1,0.05
03_sample_uncertainty,28,198439338862447650797522476239886349308,5000,0.2,0.0,depolarizing,0.0,0.5,0.2,1000,0.11,0.95,5000,2515,1000,1515,154,65,0.06123260437375746,0.065,0.05132377056906205,0.0820055093133709,0.03068173874430885,1.0,0.503,0.303,1,1,0.05
03_sample_uncertainty,29,283842571944353019489870244482217392269,5000,0.2,0.0,depolarizing,0.0,0.5,0.2,1000,0.11,0.95,5000,2490,1000,1490,111,56,0.04457831325301205,0.056,0.043374813385442,0.07202334814973095,0.028648534764288948,1.0,0.498,0.298,1,1,0.05
03_sample_uncertainty,0,170714648052752497551535294329411843916,5000,0.2,0.0,depolarizing,0.0,0.5,0.2,1250,0.11,0.95,5000,2489,1250,1239,119,59,0.047810365608678185,0.0472,0.03676745126916511,0.06040708221235863,0.023639630943193518,1.0,0.4978,0.2478,1,1,0.05
03_sample_uncertainty,1,217093636595490945917465920839348704702,5000,0.2,0.0,depolarizing,0.0,0.5,0.2,1250,0.11,0.95,5000,2511,1250,1261,117,60,0.04659498207885305,0.048,0.037471843423990306,0.06129778805491591,0.023825944630925605,1.0,0.5022,0.2522,1,1,0.05
03_sample_uncertainty,2,74503095792906574399932644750756661831,5000,0.2,0.0,depolarizing,0.0,0.5,0.2,1250,0.11,0.95,5000,2614,1250,1364,151,64,0.05776587605202754,0.0512,0.040298069934986,0.0648519535334501,0.024553883598464096,1.0,0.5228,0.2728,1,1,0.05
03_sample_uncertainty,3,9554126359513267921489375107834633819,5000,0.2,0.0,depolarizing,0.0,0.5,0.2,1250,0.11,0.95,5000,2511,1250,1261,126,61,0.05017921146953405,0.0488,0.038177121241734585,0.062187608234554104,0.02401048699281952,1.0,0.5022,0.2522,1,1,0.05
03_sample_uncertainty,4,105614402419851236974762236548574740452,5000,0.2,0.0,depolarizing,0.0,0.5,0.2,1250,0.11,0.95,5000,2524,1250,1274,152,73,0.060221870047543584,0.0584,0.04670287732688755,0.07280302811799073,0.026100150791103185,1.0,0.5048,0.2548,1,1,0.05
03_sample_uncertainty,5,129015987251891468157049590781966824603,5000,0.2,0.0,depolarizing,0.0,0.5,0.2,1250,0.11,0.95,5000,2498,1250,1248,125,64,0.0500400320256205,0.0512,0.040298069934986,0.0648519535334501,0.024553883598464096,1.0,0.4996,0.2496,1,1,0.05
03_sample_uncertainty,6,13598086364305923396929661421646092240,5000,0.2,0.0,depolarizing,0.0,0.5,0.2,1250,0.11,0.95,5000,2459,1250,1209,115,64,0.04676697844652298,0.0512,0.040298069934986,0.0648519535334501,0.024553883598464096,1.0,0.4918,0.2418,1,1,0.05
03_sample_uncertainty,7,1543460936413672049762259841035132881,5000,0.2,0.0,depolarizing,0.0,0.5,0.2,1250,0.11,0.95,5000,2443,1250,1193,104,51,0.04257060990585346,0.0408,0.03116693273193375,0.053246816770530274,0.022079884038596523,1.0,0.4886,0.2386,1,1,0.05
03_sample_uncertainty,8,15668872930352788161248847173542504366,5000,0.2,0.0,depolarizing,0.0,0.5,0.2,1250,0.11,0.95,5000,2510,1250,1260,126,65,0.050199203187251,0.052,0.041006695473586735,0.06573842599223181,0.02473173051864508,1.0,0.502,0.252,1,1,0.05
03_sample_uncertainty,9,36266054125560469934958723323122691482,5000,0.2,0.0,depolarizing,0.0,0.5,0.2,1250,0.11,0.95,5000,2465,1250,1215,115,63,0.04665314401622718,0.0504,0.03959025359296825,0.06396467187808537,0.02437441828511712,1.0,0.493,0.243,1,1,0.05
03_sample_uncertainty,10,13271339496862707732002533739088010206,5000,0.2,0.0,depolarizing,0.0,0.5,0.2,1250,0.11,0.95,5000,2487,1250,1237,125,72,0.050261359067149174,0.0576,0.045988352368184236,0.07192245507931158,0.025934102711127345,1.0,0.4974,0.2474,1,1,0.05
03_sample_uncertainty,11,82418227353660988437057909288990127825,5000,0.2,0.0,depolarizing,0.0,0.5,0.2,1250,0.11,0.95,5000,2514,1250,1264,118,65,0.046937151949085126,0.052,0.041006695473586735,0.06573842599223181,0.02473173051864508,1.0,0.5028,0.2528,1,1,0.05
03_sample_uncertainty,12,309665776106950176584950154688599979470,5000,0.2,0.0,depolarizing,0.0,0.5,0.2,1250,0.11,0.95,5000,2524,1250,1274,119,52,0.04714738510301109,0.0416,0.03186339740159761,0.05414545009824887,0.02228205269665126,1.0,0.5048,0.2548,1,1,0.05
03_sample_uncertainty,13,153766509246680088881596091038465174506,5000,0.2,0.0,depolarizing,0.0,0.5,0.2,1250,0.11,0.95,5000,2451,1250,1201,120,63,0.04895960832313342,0.0504,0.03959025359296825,0.06396467187808537,0.02437441828511712,1.0,0.4902,0.2402,1,1,0.05
03_sample_uncertainty,14,153347823281496714447666620104627438199,5000,0.2,0.0,depolarizing,0.0,0.5,0.2,1250,0.11,0.95,5000,2460,1250,1210,125,58,0.0508130081300813,0.0464,0.0360639658860516,0.059515469598089676,0.02345150371203808,1.0,0.492,0.242,1,1,0.05
03_sample_uncertainty,15,62728944581184155584260301795735011986,5000,0.2,0.0,depolarizing,0.0,0.5,0.2,1250,0.11,0.95,5000,2526,1250,1276,135,65,0.05344418052256532,0.052,0.041006695473586735,0.06573842599223181,0.02473173051864508,1.0,0.5052,0.2552,1,1,0.05
03_sample_uncertainty,16,235544733158400196013461951952772268104,5000,0.2,0.0,depolarizing,0.0,0.5,0.2,1250,0.11,0.95,5000,2443,1250,1193,140,60,0.05730659025787966,0.048,0.037471843423990306,0.06129778805491591,0.023825944630925605,1.0,0.4886,0.2386,1,1,0.05
03_sample_uncertainty,17,21794677729037519492255606754096147714,5000,0.2,0.0,depolarizing,0.0,0.5,0.2,1250,0.11,0.95,5000,2514,1250,1264,125,67,0.049721559268098646,0.0536,0.04242630544646067,0.06750901201412282,0.02508270656766215,1.0,0.5028,0.2528,1,1,0.05
03_sample_uncertainty,18,23809802101827522086943056054059299328,5000,0.2,0.0,depolarizing,0.0,0.5,0.2,1250,0.11,0.95,5000,2524,1250,1274,127,70,0.050316957210776544,0.056,0.044561376155792864,0.07015923529693802,0.02559785914114515,1.0,0.5048,0.2548,1,1,0.05
03_sample_uncertainty,19,171437605931949933237873179098983870450,5000,0.2,0.0,depolarizing,0.0,0.5,0.2,1250,0.11,0.95,5000,2478,1250,1228,129,64,0.05205811138014528,0.0512,0.040298069934986,0.0648519535334501,0.024553883598464096,1.0,0.4956,0.2456,1,1,0.05
03_sample_uncertainty,20,14871166479916918178331040260942109126,5000,0.2,0.0,depolarizing,0.0,0.5,0.2,1250,0.11,0.95,5000,2546,1250,1296,127,64,0.04988216810683425,0.0512,0.040298069934986,0.0648519535334501,0.024553883598464096,1.0,0.5092,0.2592,1,1,0.05
03_sample_uncertainty,21,285758276233790975878993220868892707551,5000,0.2,0.0,depolarizing,0.0,0.5,0.2,1250,0.11,0.95,5000,2449,1250,1199,125,68,0.05104124132298898,0.0544,0.04313725709960483,0.06839315835836111,0.025255901258756284,1.0,0.4898,0.2398,1,1,0.05
03_sample_uncertainty,22,224170456786802572843913359568393096486,5000,0.2,0.0,depolarizing,0.0,0.5,0.2,1250,0.11,0.95,5000,2529,1250,1279,116,49,0.04586793198892843,0.0392,0.029777373474554794,0.05144618003314429,0.021668806558589493,1.0,0.5058,0.2558,1,1,0.05
03_sample_uncertainty,23,25030206963601820311217439836903016308,5000,0.2,0.0,depolarizing,0.0,0.5,0.2,1250,0.11,0.95,5000,2455,1250,1205,129,71,0.05254582484725051,0.0568,0.04527451415287623,0.07104119529723713,0.025766681144360898,1.0,0.491,0.241,1,1,0.05
03_sample_uncertainty,24,285146660998307698174925000783377730586,5000,0.2,0.0,depolarizing,0.0,0.5,0.2,1250,0.11,0.95,5000,2477,1250,1227,102,50,0.041178845377472746,0.04,0.030471580925677713,0.05234707057940384,0.021875489653726127,1.0,0.4954,0.2454,1,1,0.05
03_sample_uncertainty,25,254357716604284013354973147516022112363,5000,0.2,0.0,depolarizing,0.0,0.5,0.2,1250,0.11,0.95,5000,2492,1250,1242,131,70,0.052568218298555375,0.056,0.044561376155792864,0.07015923529693802,0.02559785914114515,1.0,0.4984,0.2484,1,1,0.05
03_sample_uncertainty,26,280210663577474755138543108742033033832,5000,0.2,0.0,depolarizing,0.0,0.5,0.2,1250,0.11,0.95,5000,2514,1250,1264,125,60,0.049721559268098646,0.048,0.037471843423990306,0.06129778805491591,0.023825944630925605,1.0,0.5028,0.2528,1,1,0.05
03_sample_uncertainty,27,39572199620859119413367328503858399298,5000,0.2,0.0,depolarizing,0.0,0.5,0.2,1250,0.11,0.95,5000,2447,1250,1197,133,62,0.05435226808336739,0.0496,0.03888326445532313,0.06307656301834802,0.024193298563024893,1.0,0.4894,0.2394,1,1,0.05
03_sample_uncertainty,28,113126254119432057270592915797627345769,5000,0.2,0.0,depolarizing,0.0,0.5,0.2,1250,0.11,0.95,5000,2500,1250,1250,143,69,0.0572,0.0552,0.04384895232384275,0.06927656113150565,0.025427608807662906,1.0,0.5,0.25,1,1,0.05
03_sample_uncertainty,29,199467183225207995145946827537097698218,5000,0.2,0.0,depolarizing,0.0,0.5,0.2,1250,0.11,0.95,5000,2501,1250,1251,120,55,0.04798080767692923,0.044,0.03395917515789742,0.05683496633409645,0.022875791176199034,1.0,0.5002,0.2502,1,1,0.05
