qber,f_ec,secret_fraction_reference,model,source
0.0,1.0,1.0,asymptotic_ideal_single_photon_symmetric_qz_equals_qx,theory_only
0.0005,1.0,0.9875918814083366,asymptotic_ideal_single_photon_symmetric_qz_equals_qx,theory_only
0.001,1.0,0.9771844845250777,asymptotic_ideal_single_photon_symmetric_qz_equals_qx,theory_only
0.0015,1.0,0.9675326972136027,asymptotic_ideal_single_photon_symmetric_qz_equals_qx,theory_only
0.002,1.0,0.9583718573289979,asymptotic_ideal_single_photon_symmetric_qz_equals_qx,theory_only
0.0025,1.0,0.9495762682141307,asymptotic_ideal_single_photon_symmetric_qz_equals_qx,theory_only
0.003,1.0,0.9410718963101554,asymptotic_ideal_single_photon_symmetric_qz_equals_qx,theory_only
0.0035,1.0,0.9328098228444719,asymptotic_ideal_single_photon_symmetric_qz_equals_qx,theory_only
0.004,1.0,0.9247552793554432,asymptotic_ideal_single_photon_symmetric_qz_equals_qx,theory_only
0.0045000000000000005,1.0,0.9168822695783276,asymptotic_ideal_single_photon_symmetric_qz_equals_qx,theory_only
0.005,1.0,0.9091706153324117,asymptotic_ideal_single_photon_symmetric_qz_equals_qx,theory_only
0.0055,1.0,0.9016041969791531,asymptotic_ideal_single_photon_symmetric_qz_equals_qx,theory_only
0.006,1.0,0.8941698393103046,asymptotic_ideal_single_photon_symmetric_qz_equals_qx,theory_only
0.006500000000000001,1.0,0.8868565714667549,asymptotic_ideal_single_photon_symmetric_qz_equals_qx,theory_only
0.007,1.0,0.8796551159359829,asymptotic_ideal_single_photon_symmetric_qz_equals_qx,theory_only
0.0075,1.0,0.8725575242901393,asymptotic_ideal_single_photon_symmetric_qz_equals_qx,theory_only
0.008,1.0,0.8655569104833862,asymptotic_ideal_single_photon_symmetric_qz_equals_qx,theory_only
0.0085,1.0,0.8586472510768872,asymptotic_ideal_single_photon_symmetric_qz_equals_qx,theory_only
0.009000000000000001,1.0,0.8518232326254072,asymptotic_ideal_single_photon_symmetric_qz_equals_qx,theory_only
0.0095,1.0,0.8450801330773268,asymptotic_ideal_single_photon_symmetric_qz_equals_qx,theory_only
0.01,1.0,0.8384137282081776,asymptotic_ideal_single_photon_symmetric_qz_equals_qx,theory_only
0.0105,1.0,0.8318202168112063,asymptotic_ideal_single_photon_symmetric_qz_equals_qx,theory_only
0.011,1.0,0.8252961601673676,asymptotic_ideal_single_photon_symmetric_qz_equals_qx,theory_only
0.0115,1.0,0.8188384325417815,asymptotic_ideal_single_photon_symmetric_qz_equals_qx,theory_only
0.012,1.0,0.8124441803044566,asymptotic_ideal_single_photon_symmetric_qz_equals_qx,theory_only
0.0125,1.0,0.8061107878750537,asymptotic_ideal_single_photon_symmetric_qz_equals_qx,theory_only
0.013000000000000001,1.0,0.7998358491244233,asymptotic_ideal_single_photon_symmetric_qz_equals_qx,theory_only
0.0135,1.0,0.7936171431818209,asymptotic_ideal_single_photon_symmetric_qz_equals_qx,theory_only
0.014,1.0,0.7874526138306803,asymptotic_ideal_single_photon_symmetric_qz_equals_qx,theory_only
0.0145,1.0,0.7813403518512361,asymptotic_ideal_single_photon_symmetric_qz_equals_qx,theory_only
0.015,1.0,0.7752785798012465,asymptotic_ideal_single_photon_symmetric_qz_equals_qx,theory_only
0.0155,1.0,0.7692656388279784,asymptotic_ideal_single_photon_symmetric_qz_equals_qx,theory_only
0.016,1.0,0.7632999771834499,asymptotic_ideal_single_photon_symmetric_qz_equals_qx,theory_only
0.0165,1.0,0.7573801401765239,asymptotic_ideal_single_photon_symmetric_qz_equals_qx,theory_only
0.017,1.0,0.7515047613439187,asymptotic_ideal_single_photon_symmetric_qz_equals_qx,theory_only
0.0175,1.0,0.7456725546607286,asymptotic_ideal_single_photon_symmetric_qz_equals_qx,theory_only
0.018000000000000002,1.0,0.7398823076418064,asymptotic_ideal_single_photon_symmetric_qz_equals_qx,theory_only
0.0185,1.0,0.734132875210191,asymptotic_ideal_single_photon_symmetric_qz_equals_qx,theory_only
0.019,1.0,0.7284231742288285,asymptotic_ideal_single_photon_symmetric_qz_equals_qx,theory_only
0.0195,1.0,0.7227521786082578,asymptotic_ideal_single_photon_symmetric_qz_equals_qx,theory_only
0.02,1.0,0.7171189149163586,asymptotic_ideal_single_photon_symmetric_qz_equals_qx,theory_only
0.0205,1.0,0.7115224584273703,asymptotic_ideal_single_photon_symmetric_qz_equals_qx,theory_only
0.021,1.0,0.7059619295565687,asymptotic_ideal_single_photon_symmetric_qz_equals_qx,theory_only
0.021500000000000002,1.0,0.7004364906346714,asymptotic_ideal_single_photon_symmetric_qz_equals_qx,theory_only
0.022,1.0,0.6949453429824362,asymptotic_ideal_single_photon_symmetric_qz_equals_qx,theory_only
0.0225,1.0,0.6894877242513284,asymptotic_ideal_single_photon_symmetric_qz_equals_qx,theory_only
0.023,1.0,0.6840629060006733,asymptotic_ideal_single_photon_symmetric_qz_equals_qx,theory_only
0.0235,1.0,0.678670191485579,asymptotic_ideal_single_photon_symmetric_qz_equals_qx,theory_only
0.024,1.0,0.6733089136331953,asymptotic_ideal_single_photon_symmetric_qz_equals_qx,theory_only
0.0245,1.0,0.6679784331876817,asymptotic_ideal_single_photon_symmetric_qz_equals_qx,theory_only
0.025,1.0,0.6626781370066595,asymptotic_ideal_single_photon_symmetric_qz_equals_qx,theory_only
0.025500000000000002,1.0,0.6574074364939999,asymptotic_ideal_single_photon_symmetric_qz_equals_qx,theory_only
0.026000000000000002,1.0,0.6521657661555653,asymptotic_ideal_single_photon_symmetric_qz_equals_qx,theory_only
0.0265,1.0,0.6469525822660893,asymptotic_ideal_single_photon_symmetric_qz_equals_qx,theory_only
0.027,1.0,0.6417673616366963,asymptotic_ideal_single_photon_symmetric_qz_equals_qx,theory_only
0.0275,1.0,0.6366096004737454,asymptotic_ideal_single_photon_symmetric_qz_equals_qx,theory_only
0.028,1.0,0.6314788133206897,asymptotic_ideal_single_photon_symmetric_qz_equals_qx,theory_only
0.0285,1.0,0.6263745320755407,asymptotic_ideal_single_photon_symmetric_qz_equals_qx,theory_only
0.029,1.0,0.6212963050772964,asymptotic_ideal_single_photon_symmetric_qz_equals_qx,theory_only
0.029500000000000002,1.0,0.6162436962553959,asymptotic_ideal_single_photon_symmetric_qz_equals_qx,theory_only
0.03,1.0,0.6112162843368476,asymptotic_ideal_single_photon_symmetric_qz_equals_qx,theory_only
0.0305,1.0,0.6062136621062326,asymptotic_ideal_single_photon_symmetric_qz_equals_qx,theory_only
0.031,1.0,0.6012354357142393,asymptotic_ideal_single_photon_symmetric_qz_equals_qx,theory_only
0.0315,1.0,0.5962812240308233,asymptotic_ideal_single_photon_symmetric_qz_equals_qx,theory_only
0.032,1.0,0.5913506580394408,asymptotic_ideal_single_photon_symmetric_qz_equals_qx,theory_only
0.0325,1.0,0.5864433802691555,asymptotic_ideal_single_photon_symmetric_qz_equals_qx,theory_only
0.033,1.0,0.5815590442616947,asymptotic_ideal_single_photon_symmetric_qz_equals_qx,theory_only
0.0335,1.0,0.5766973140708154,asymptotic_ideal_single_photon_symmetric_qz_equals_qx,theory_only
0.034,1.0,0.5718578637915626,asymptotic_ideal_single_photon_symmetric_qz_equals_qx,theory_only
0.0345,1.0,0.5670403771172254,asymptotic_ideal_single_photon_symmetric_qz_equals_qx,theory_only
0.035,1.0,0.5622445469219781,asymptotic_ideal_single_photon_symmetric_qz_equals_qx,theory_only
0.035500000000000004,1.0,0.5574700748673791,asymptotic_ideal_single_photon_symmetric_qz_equals_qx,theory_only
0.036000000000000004,1.0,0.5527166710310383,asymptotic_ideal_single_photon_symmetric_qz_equals_qx,theory_only
0.0365,1.0,0.5479840535559217,asymptotic_ideal_single_photon_symmetric_qz_equals_qx,theory_only
0.037,1.0,0.5432719483188708,asymptotic_ideal_single_photon_symmetric_qz_equals_qx,theory_only
0.0375,1.0,0.5385800886170471,asymptotic_ideal_single_photon_symmetric_qz_equals_qx,theory_only
0.038,1.0,0.533908214871099,asymptotic_ideal_single_photon_symmetric_qz_equals_qx,theory_only
0.0385,1.0,0.5292560743439556,asymptotic_ideal_single_photon_symmetric_qz_equals_qx,theory_only
0.039,1.0,0.5246234208742295,asymptotic_ideal_single_photon_symmetric_qz_equals_qx,theory_only
0.0395,1.0,0.5200100146232947,asymptotic_ideal_single_photon_symmetric_qz_equals_qx,theory_only
0.04,1.0,0.5154156218351704,asymptotic_ideal_single_photon_symmetric_qz_equals_qx,theory_only
0.0405,1.0,0.5108400146084151,asymptotic_ideal_single_photon_symmetric_qz_equals_qx,theory_only
0.041,1.0,0.5062829706792835,asymptotic_ideal_single_photon_symmetric_qz_equals_qx,theory_only
0.0415,1.0,0.5017442732154653,asymptotic_ideal_single_photon_symmetric_qz_equals_qx,theory_only
0.042,1.0,0.497223710619763,asymptotic_ideal_single_photon_symmetric_qz_equals_qx,theory_only
0.0425,1.0,0.4927210763431224,asymptotic_ideal_single_photon_symmetric_qz_equals_qx,theory_only
0.043000000000000003,1.0,0.48823616870645914,asymptotic_ideal_single_photon_symmetric_qz_equals_qx,theory_only
0.043500000000000004,1.0,0.48376879073077816,asymptotic_ideal_single_photon_symmetric_qz_equals_qx,theory_only
0.044,1.0,0.47931874997509927,asymptotic_ideal_single_photon_symmetric_qz_equals_qx,theory_only
0.0445,1.0,0.4748858583817548,asymptotic_ideal_single_photon_symmetric_qz_equals_qx,theory_only
0.045,1.0,0.4704699321286387,asymptotic_ideal_single_photon_symmetric_qz_equals_qx,theory_only
0.0455,1.0,0.4660707914880242,asymptotic_ideal_single_photon_symmetric_qz_equals_qx,theory_only
0.046,1.0,0.4616882606915871,asymptotic_ideal_single_photon_symmetric_qz_equals_qx,theory_only
0.0465,1.0,0.45732216780129886,asymptotic_ideal_single_photon_symmetric_qz_equals_qx,theory_only
0.047,1.0,0.45297234458587304,asymptotic_ideal_single_photon_symmetric_qz_equals_qx,theory_only
0.0475,1.0,0.44863862640246976,asymptotic_ideal_single_photon_symmetric_qz_equals_qx,theory_only
0.048,1.0,0.44432085208338123,asymptotic_ideal_single_photon_symmetric_qz_equals_qx,theory_only
0.0485,1.0,0.44001886382744093,asymptotic_ideal_single_photon_symmetric_qz_equals_qx,theory_only
0.049,1.0,0.43573250709590794,asymptotic_ideal_single_photon_symmetric_qz_equals_qx,theory_only
0.0495,1.0,0.43146163051260467,asymptotic_ideal_single_photon_symmetric_qz_equals_qx,theory_only
0.05,1.0,0.4272060857680875,asymptotic_ideal_single_photon_symmetric_qz_equals_qx,theory_only
0.0505,1.0,0.4229657275276529,asymptotic_ideal_single_photon_symmetric_qz_equals_qx,theory_only
0.051000000000000004,1.0,0.41874041334298395,asymptotic_ideal_single_photon_symmetric_qz_equals_qx,theory_only
0.051500000000000004,1.0,0.41453000356726677,asymptotic_ideal_single_photon_symmetric_qz_equals_qx,theory_only
0.052000000000000005,1.0,0.41033436127359874,asymptotic_ideal_single_photon_symmetric_qz_equals_qx,theory_only
0.0525,1.0,0.40615335217653925,asymptotic_ideal_single_photon_symmetric_qz_equals_qx,theory_only
0.053,1.0,0.40198684455664596,asymptotic_ideal_single_photon_symmetric_qz_equals_qx,theory_only
0.0535,1.0,0.39783470918786246,asymptotic_ideal_single_photon_symmetric_qz_equals_qx,theory_only
0.054,1.0,0.393696819267616,asymptotic_ideal_single_photon_symmetric_qz_equals_qx,theory_only
0.0545,1.0,0.38957305034950984,asymptotic_ideal_single_photon_symmetric_qz_equals_qx,theory_only
0.055,1.0,0.38546328027848054,asymptotic_ideal_single_photon_symmetric_qz_equals_qx,theory_only
0.0555,1.0,0.3813673891283181,asymptotic_ideal_single_photon_symmetric_qz_equals_qx,theory_only
0.056,1.0,0.37728525914143374,asymptotic_ideal_single_photon_symmetric_qz_equals_qx,theory_only
0.0565,1.0,0.3732167746707826,asymptotic_ideal_single_photon_symmetric_qz_equals_qx,theory_only
0.057,1.0,0.3691618221238384,asymptotic_ideal_single_photon_symmetric_qz_equals_qx,theory_only
0.0575,1.0,0.3651202899085391,asymptotic_ideal_single_photon_symmetric_qz_equals_qx,theory_only
0.058,1.0,0.36109206838110763,asymptotic_ideal_single_photon_symmetric_qz_equals_qx,theory_only
0.0585,1.0,0.3570770497956761,asymptotic_ideal_single_photon_symmetric_qz_equals_qx,theory_only
0.059000000000000004,1.0,0.35307512825562926,asymptotic_ideal_single_photon_symmetric_qz_equals_qx,theory_only
0.059500000000000004,1.0,0.34908619966660126,asymptotic_ideal_single_photon_symmetric_qz_equals_qx,theory_only
0.06,1.0,0.34511016169104747,asymptotic_ideal_single_photon_symmetric_qz_equals_qx,theory_only
0.0605,1.0,0.34114691370433614,asymptotic_ideal_single_photon_symmetric_qz_equals_qx,theory_only
0.061,1.0,0.33719635675228665,asymptotic_ideal_single_photon_symmetric_qz_equals_qx,theory_only
0.0615,1.0,0.33325839351010345,asymptotic_ideal_single_photon_symmetric_qz_equals_qx,theory_only
0.062,1.0,0.3293329282426447,asymptotic_ideal_single_photon_symmetric_qz_equals_qx,theory_only
0.0625,1.0,0.32541986676597223,asymptotic_ideal_single_photon_symmetric_qz_equals_qx,theory_only
0.063,1.0,0.32151911641013164,asymptotic_ideal_single_photon_symmetric_qz_equals_qx,theory_only
0.0635,1.0,0.317630585983115,asymptotic_ideal_single_photon_symmetric_qz_equals_qx,theory_only
0.064,1.0,0.3137541857359589,asymptotic_ideal_single_photon_symmetric_qz_equals_qx,theory_only
0.0645,1.0,0.3098898273289326,asymptotic_ideal_single_photon_symmetric_qz_equals_qx,theory_only
0.065,1.0,0.3060374237987733,asymptotic_ideal_single_photon_symmetric_qz_equals_qx,theory_only
0.0655,1.0,0.30219688952693224,asymptotic_ideal_single_photon_symmetric_qz_equals_qx,theory_only
0.066,1.0,0.2983681402087901,asymptotic_ideal_single_photon_symmetric_qz_equals_qx,theory_only
0.0665,1.0,0.29455109282380315,asymptotic_ideal_single_photon_symmetric_qz_equals_qx,theory_only
0.067,1.0,0.29074566560654924,asymptotic_ideal_single_photon_symmetric_qz_equals_qx,theory_only
0.0675,1.0,0.28695177801863725,asymptotic_ideal_single_photon_symmetric_qz_equals_qx,theory_only
0.068,1.0,0.28316935072145033,asymptotic_ideal_single_photon_symmetric_qz_equals_qx,theory_only
0.0685,1.0,0.2793983055496889,asymptotic_ideal_single_photon_symmetric_qz_equals_qx,theory_only
0.069,1.0,0.2756385654856872,asymptotic_ideal_single_photon_symmetric_qz_equals_qx,theory_only
0.0695,1.0,0.2718900546344743,asymptotic_ideal_single_photon_symmetric_qz_equals_qx,theory_only
0.07,1.0,0.2681526981995534,asymptotic_ideal_single_photon_symmetric_qz_equals_qx,theory_only
0.07050000000000001,1.0,0.264426422459372,asymptotic_ideal_single_photon_symmetric_qz_equals_qx,theory_only
0.07100000000000001,1.0,0.26071115474446005,asymptotic_ideal_single_photon_symmetric_qz_equals_qx,theory_only
0.07150000000000001,1.0,0.2570068234152121,asymptotic_ideal_single_photon_symmetric_qz_equals_qx,theory_only
0.07200000000000001,1.0,0.25331335784029246,asymptotic_ideal_single_photon_symmetric_qz_equals_qx,theory_only
0.0725,1.0,0.24963068837563873,asymptotic_ideal_single_photon_symmetric_qz_equals_qx,theory_only
0.073,1.0,0.24595874634404247,asymptotic_ideal_single_photon_symmetric_qz_equals_qx,theory_only
0.0735,1.0,0.2422974640152949,asymptotic_ideal_single_photon_symmetric_qz_equals_qx,theory_only
0.074,1.0,0.2386467745868685,asymptotic_ideal_single_photon_symmetric_qz_equals_qx,theory_only
0.0745,1.0,0.23500661216512064,asymptotic_ideal_single_photon_symmetric_qz_equals_qx,theory_only
0.075,1.0,0.23137691174700592,asymptotic_ideal_single_photon_symmetric_qz_equals_qx,theory_only
0.0755,1.0,0.2277576092022709,asymptotic_ideal_single_photon_symmetric_qz_equals_qx,theory_only
0.076,1.0,0.22414864125612532,asymptotic_ideal_single_photon_symmetric_qz_equals_qx,theory_only
0.0765,1.0,0.22054994547236495,asymptotic_ideal_single_photon_symmetric_qz_equals_qx,theory_only
0.077,1.0,0.21696146023694007,asymptotic_ideal_single_photon_symmetric_qz_equals_qx,theory_only
0.0775,1.0,0.21338312474194693,asymptotic_ideal_single_photon_symmetric_qz_equals_qx,theory_only
0.078,1.0,0.20981487897003598,asymptotic_ideal_single_photon_symmetric_qz_equals_qx,theory_only
0.0785,1.0,0.20625666367921575,asymptotic_ideal_single_photon_symmetric_qz_equals_qx,theory_only
0.079,1.0,0.20270842038804848,asymptotic_ideal_single_photon_symmetric_qz_equals_qx,theory_only
0.0795,1.0,0.19917009136121622,asymptotic_ideal_single_photon_symmetric_qz_equals_qx,theory_only
0.08,1.0,0.19564161959545445,asymptotic_ideal_single_photon_symmetric_qz_equals_qx,theory_only
0.0805,1.0,0.19212294880583253,asymptotic_ideal_single_photon_symmetric_qz_equals_qx,theory_only
0.081,1.0,0.1886140234123807,asymptotic_ideal_single_photon_symmetric_qz_equals_qx,theory_only
0.0815,1.0,0.1851147885270405,asymptotic_ideal_single_photon_symmetric_qz_equals_qx,theory_only
0.082,1.0,0.18162518994094312,asymptotic_ideal_single_photon_symmetric_qz_equals_qx,theory_only
0.0825,1.0,0.17814517411199082,asymptotic_ideal_single_photon_symmetric_qz_equals_qx,theory_only
0.083,1.0,0.17467468815274523,asymptotic_ideal_single_photon_symmetric_qz_equals_qx,theory_only
0.0835,1.0,0.17121367981860303,asymptotic_ideal_single_photon_symmetric_qz_equals_qx,theory_only
0.084,1.0,0.16776209749625887,asymptotic_ideal_single_photon_symmetric_qz_equals_qx,theory_only
0.0845,1.0,0.1643198901924392,asymptotic_ideal_single_photon_symmetric_qz_equals_qx,theory_only
0.085,1.0,0.16088700752290608,asymptotic_ideal_single_photon_symmetric_qz_equals_qx,theory_only
0.0855,1.0,0.15746339970171674,asymptotic_ideal_single_photon_symmetric_qz_equals_qx,theory_only
0.08600000000000001,1.0,0.1540490175307383,asymptotic_ideal_single_photon_symmetric_qz_equals_qx,theory_only
0.08650000000000001,1.0,0.15064381238940072,asymptotic_ideal_single_photon_symmetric_qz_equals_qx,theory_only
0.08700000000000001,1.0,0.147247736224694,asymptotic_ideal_single_photon_symmetric_qz_equals_qx,theory_only
0.08750000000000001,1.0,0.14386074154138745,asymptotic_ideal_single_photon_symmetric_qz_equals_qx,theory_only
0.088,1.0,0.14048278139247916,asymptotic_ideal_single_photon_symmetric_qz_equals_qx,theory_only
0.0885,1.0,0.13711380936985812,asymptotic_ideal_single_photon_symmetric_qz_equals_qx,theory_only
0.089,1.0,0.1337537795951813,asymptotic_ideal_single_photon_symmetric_qz_equals_qx,theory_only
0.0895,1.0,0.13040264671095025,asymptotic_ideal_single_photon_symmetric_qz_equals_qx,theory_only
0.09,1.0,0.1270603658717943,asymptotic_ideal_single_photon_symmetric_qz_equals_qx,theory_only
0.0905,1.0,0.12372689273593979,asymptotic_ideal_single_photon_symmetric_qz_equals_qx,theory_only
0.091,1.0,0.12040218345687542,asymptotic_ideal_single_photon_symmetric_qz_equals_qx,theory_only
0.0915,1.0,0.11708619467519416,asymptotic_ideal_single_photon_symmetric_qz_equals_qx,theory_only
0.092,1.0,0.11377888351061793,asymptotic_ideal_single_photon_symmetric_qz_equals_qx,theory_only
0.0925,1.0,0.11048020755419374,asymptotic_ideal_single_photon_symmetric_qz_equals_qx,theory_only
0.093,1.0,0.10719012486065965,asymptotic_ideal_single_photon_symmetric_qz_equals_qx,theory_only
0.0935,1.0,0.10390859394097246,asymptotic_ideal_single_photon_symmetric_qz_equals_qx,theory_only
0.094,1.0,0.10063557375499976,asymptotic_ideal_single_photon_symmetric_qz_equals_qx,theory_only
0.0945,1.0,0.09737102370436274,asymptotic_ideal_single_photon_symmetric_qz_equals_qx,theory_only
0.095,1.0,0.09411490362543362,asymptotic_ideal_single_photon_symmetric_qz_equals_qx,theory_only
0.0955,1.0,0.09086717378247866,asymptotic_ideal_single_photon_symmetric_qz_equals_qx,theory_only
0.096,1.0,0.0876277948609474,asymptotic_ideal_single_photon_symmetric_qz_equals_qx,theory_only
0.0965,1.0,0.08439672796089681,asymptotic_ideal_single_photon_symmetric_qz_equals_qx,theory_only
0.097,1.0,0.08117393459055866,asymptotic_ideal_single_photon_symmetric_qz_equals_qx,theory_only
0.0975,1.0,0.07795937666003261,asymptotic_ideal_single_photon_symmetric_qz_equals_qx,theory_only
0.098,1.0,0.07475301647511401,asymptotic_ideal_single_photon_symmetric_qz_equals_qx,theory_only
0.0985,1.0,0.07155481673124386,asymptotic_ideal_single_photon_symmetric_qz_equals_qx,theory_only
0.099,1.0,0.06836474050758512,asymptotic_ideal_single_photon_symmetric_qz_equals_qx,theory_only
0.0995,1.0,0.06518275126121487,asymptotic_ideal_single_photon_symmetric_qz_equals_qx,theory_only
0.1,1.0,0.06200881282143755,asymptotic_ideal_single_photon_symmetric_qz_equals_qx,theory_only
0.1005,1.0,0.05884288938420695,asymptotic_ideal_single_photon_symmetric_qz_equals_qx,theory_only
0.101,1.0,0.05568494550666481,asymptotic_ideal_single_photon_symmetric_qz_equals_qx,theory_only
0.1015,1.0,0.05253494610178211,asymptotic_ideal_single_photon_symmetric_qz_equals_qx,theory_only
0.10200000000000001,1.0,0.04939285643311081,asymptotic_ideal_single_photon_symmetric_qz_equals_qx,theory_only
0.10250000000000001,1.0,0.04625864210963476,asymptotic_ideal_single_photon_symmetric_qz_equals_qx,theory_only
0.10300000000000001,1.0,0.043132269080723484,asymptotic_ideal_single_photon_symmetric_qz_equals_qx,theory_only
0.10350000000000001,1.0,0.04001370363118206,asymptotic_ideal_single_photon_symmetric_qz_equals_qx,theory_only
0.10400000000000001,1.0,0.03690291237639953,asymptotic_ideal_single_photon_symmetric_qz_equals_qx,theory_only
0.1045,1.0,0.0337998622575868,asymptotic_ideal_single_photon_symmetric_qz_equals_qx,theory_only
0.105,1.0,0.03070452053710926,asymptotic_ideal_single_photon_symmetric_qz_equals_qx,theory_only
0.1055,1.0,0.027616854793905743,asymptotic_ideal_single_photon_symmetric_qz_equals_qx,theory_only
0.106,1.0,0.024536832918996332,asymptotic_ideal_single_photon_symmetric_qz_equals_qx,theory_only
0.1065,1.0,0.021464423111072994,asymptotic_ideal_single_photon_symmetric_qz_equals_qx,theory_only
0.107,1.0,0.01839959387217549,asymptotic_ideal_single_photon_symmetric_qz_equals_qx,theory_only
0.1075,1.0,0.015342314003444546,asymptotic_ideal_single_photon_symmetric_qz_equals_qx,theory_only
0.108,1.0,0.01229255260095874,asymptotic_ideal_single_photon_symmetric_qz_equals_qx,theory_only
0.1085,1.0,0.009250279051643717,asymptotic_ideal_single_photon_symmetric_qz_equals_qx,theory_only
0.109,1.0,0.006215463029260793,asymptotic_ideal_single_photon_symmetric_qz_equals_qx,theory_only
0.1095,1.0,0.0031880744904659863,asymptotic_ideal_single_photon_symmetric_qz_equals_qx,theory_only
0.11,1.0,0.0001680836709439526,asymptotic_ideal_single_photon_symmetric_qz_equals_qx,theory_only
0.1105,1.0,0.0,asymptotic_ideal_single_photon_symmetric_qz_equals_qx,theory_only
0.111,1.0,0.0,asymptotic_ideal_single_photon_symmetric_qz_equals_qx,theory_only
0.1115,1.0,0.0,asymptotic_ideal_single_photon_symmetric_qz_equals_qx,theory_only
0.112,1.0,0.0,asymptotic_ideal_single_photon_symmetric_qz_equals_qx,theory_only
0.1125,1.0,0.0,asymptotic_ideal_single_photon_symmetric_qz_equals_qx,theory_only
0.113,1.0,0.0,asymptotic_ideal_single_photon_symmetric_qz_equals_qx,theory_only
0.1135,1.0,0.0,asymptotic_ideal_single_photon_symmetric_qz_equals_qx,theory_only
0.114,1.0,0.0,asymptotic_ideal_single_photon_symmetric_qz_equals_qx,theory_only
0.1145,1.0,0.0,asymptotic_ideal_single_photon_symmetric_qz_equals_qx,theory_only
0.115,1.0,0.0,asymptotic_ideal_single_photon_symmetric_qz_equals_qx,theory_only
0.1155,1.0,0.0,asymptotic_ideal_single_photon_symmetric_qz_equals_qx,theory_only
0.116,1.0,0.0,asymptotic_ideal_single_photon_symmetric_qz_equals_qx,theory_only
0.1165,1.0,0.0,asymptotic_ideal_single_photon_symmetric_qz_equals_qx,theory_only
0.117,1.0,0.0,asymptotic_ideal_single_photon_symmetric_qz_equals_qx,theory_only
0.11750000000000001,1.0,0.0,asymptotic_ideal_single_photon_symmetric_qz_equals_qx,theory_only
0.11800000000000001,1.0,0.0,asymptotic_ideal_single_photon_symmetric_qz_equals_qx,theory_only
0.11850000000000001,1.0,0.0,asymptotic_ideal_single_photon_symmetric_qz_equals_qx,theory_only
0.11900000000000001,1.0,0.0,asymptotic_ideal_single_photon_symmetric_qz_equals_qx,theory_only
0.11950000000000001,1.0,0.0,asymptotic_ideal_single_photon_symmetric_qz_equals_qx,theory_only
0.12,1.0,0.0,asymptotic_ideal_single_photon_symmetric_qz_equals_qx,theory_only
0.1205,1.0,0.0,asymptotic_ideal_single_photon_symmetric_qz_equals_qx,theory_only
0.121,1.0,0.0,asymptotic_ideal_single_photon_symmetric_qz_equals_qx,theory_only
0.1215,1.0,0.0,asymptotic_ideal_single_photon_symmetric_qz_equals_qx,theory_only
0.122,1.0,0.0,asymptotic_ideal_single_photon_symmetric_qz_equals_qx,theory_only
0.1225,1.0,0.0,asymptotic_ideal_single_photon_symmetric_qz_equals_qx,theory_only
0.123,1.0,0.0,asymptotic_ideal_single_photon_symmetric_qz_equals_qx,theory_only
0.1235,1.0,0.0,asymptotic_ideal_single_photon_symmetric_qz_equals_qx,theory_only
0.124,1.0,0.0,asymptotic_ideal_single_photon_symmetric_qz_equals_qx,theory_only
0.1245,1.0,0.0,asymptotic_ideal_single_photon_symmetric_qz_equals_qx,theory_only
0.125,1.0,0.0,asymptotic_ideal_single_photon_symmetric_qz_equals_qx,theory_only
0.1255,1.0,0.0,asymptotic_ideal_single_photon_symmetric_qz_equals_qx,theory_only
0.126,1.0,0.0,asymptotic_ideal_single_photon_symmetric_qz_equals_qx,theory_only
0.1265,1.0,0.0,asymptotic_ideal_single_photon_symmetric_qz_equals_qx,theory_only
0.127,1.0,0.0,asymptotic_ideal_single_photon_symmetric_qz_equals_qx,theory_only
0.1275,1.0,0.0,asymptotic_ideal_single_photon_symmetric_qz_equals_qx,theory_only
0.128,1.0,0.0,asymptotic_ideal_single_photon_symmetric_qz_equals_qx,theory_only
0.1285,1.0,0.0,asymptotic_ideal_single_photon_symmetric_qz_equals_qx,theory_only
0.129,1.0,0.0,asymptotic_ideal_single_photon_symmetric_qz_equals_qx,theory_only
0.1295,1.0,0.0,asymptotic_ideal_single_photon_symmetric_qz_equals_qx,theory_only
0.13,1.0,0.0,asymptotic_ideal_single_photon_symmetric_qz_equals_qx,theory_only
0.1305,1.0,0.0,asymptotic_ideal_single_photon_symmetric_qz_equals_qx,theory_only
0.131,1.0,0.0,asymptotic_ideal_single_photon_symmetric_qz_equals_qx,theory_only
0.1315,1.0,0.0,asymptotic_ideal_single_photon_symmetric_qz_equals_qx,theory_only
0.132,1.0,0.0,asymptotic_ideal_single_photon_symmetric_qz_equals_qx,theory_only
0.1325,1.0,0.0,asymptotic_ideal_single_photon_symmetric_qz_equals_qx,theory_only
0.133,1.0,0.0,asymptotic_ideal_single_photon_symmetric_qz_equals_qx,theory_only
0.1335,1.0,0.0,asymptotic_ideal_single_photon_symmetric_qz_equals_qx,theory_only
0.134,1.0,0.0,asymptotic_ideal_single_photon_symmetric_qz_equals_qx,theory_only
0.1345,1.0,0.0,asymptotic_ideal_single_photon_symmetric_qz_equals_qx,theory_only
0.135,1.0,0.0,asymptotic_ideal_single_photon_symmetric_qz_equals_qx,theory_only
0.1355,1.0,0.0,asymptotic_ideal_single_photon_symmetric_qz_equals_qx,theory_only
0.136,1.0,0.0,asymptotic_ideal_single_photon_symmetric_qz_equals_qx,theory_only
0.1365,1.0,0.0,asymptotic_ideal_single_photon_symmetric_qz_equals_qx,theory_only
0.137,1.0,0.0,asymptotic_ideal_single_photon_symmetric_qz_equals_qx,theory_only
0.1375,1.0,0.0,asymptotic_ideal_single_photon_symmetric_qz_equals_qx,theory_only
0.138,1.0,0.0,asymptotic_ideal_single_photon_symmetric_qz_equals_qx,theory_only
0.1385,1.0,0.0,asymptotic_ideal_single_photon_symmetric_qz_equals_qx,theory_only
0.139,1.0,0.0,asymptotic_ideal_single_photon_symmetric_qz_equals_qx,theory_only
0.1395,1.0,0.0,asymptotic_ideal_single_photon_symmetric_qz_equals_qx,theory_only
0.14,1.0,0.0,asymptotic_ideal_single_photon_symmetric_qz_equals_qx,theory_only
0.1405,1.0,0.0,asymptotic_ideal_single_photon_symmetric_qz_equals_qx,theory_only
0.14100000000000001,1.0,0.0,asymptotic_ideal_single_photon_symmetric_qz_equals_qx,theory_only
0.14150000000000001,1.0,0.0,asymptotic_ideal_single_photon_symmetric_qz_equals_qx,theory_only
0.14200000000000002,1.0,0.0,asymptotic_ideal_single_photon_symmetric_qz_equals_qx,theory_only
0.14250000000000002,1.0,0.0,asymptotic_ideal_single_photon_symmetric_qz_equals_qx,theory_only
0.14300000000000002,1.0,0.0,asymptotic_ideal_single_photon_symmetric_qz_equals_qx,theory_only
0.14350000000000002,1.0,0.0,asymptotic_ideal_single_photon_symmetric_qz_equals_qx,theory_only
0.14400000000000002,1.0,0.0,asymptotic_ideal_single_photon_symmetric_qz_equals_qx,theory_only
0.1445,1.0,0.0,asymptotic_ideal_single_photon_symmetric_qz_equals_qx,theory_only
0.145,1.0,0.0,asymptotic_ideal_single_photon_symmetric_qz_equals_qx,theory_only
0.1455,1.0,0.0,asymptotic_ideal_single_photon_symmetric_qz_equals_qx,theory_only
0.146,1.0,0.0,asymptotic_ideal_single_photon_symmetric_qz_equals_qx,theory_only
0.1465,1.0,0.0,asymptotic_ideal_single_photon_symmetric_qz_equals_qx,theory_only
0.147,1.0,0.0,asymptotic_ideal_single_photon_symmetric_qz_equals_qx,theory_only
0.1475,1.0,0.0,asymptotic_ideal_single_photon_symmetric_qz_equals_qx,theory_only
0.148,1.0,0.0,asymptotic_ideal_single_photon_symmetric_qz_equals_qx,theory_only
0.1485,1.0,0.0,asymptotic_ideal_single_photon_symmetric_qz_equals_qx,theory_only
0.149,1.0,0.0,asymptotic_ideal_single_photon_symmetric_qz_equals_qx,theory_only
0.1495,1.0,0.0,asymptotic_ideal_single_photon_symmetric_qz_equals_qx,theory_only
0.15,1.0,0.0,asymptotic_ideal_single_photon_symmetric_qz_equals_qx,theory_only
0.1505,1.0,0.0,asymptotic_ideal_single_photon_symmetric_qz_equals_qx,theory_only
0.151,1.0,0.0,asymptotic_ideal_single_photon_symmetric_qz_equals_qx,theory_only
0.1515,1.0,0.0,asymptotic_ideal_single_photon_symmetric_qz_equals_qx,theory_only
0.152,1.0,0.0,asymptotic_ideal_single_photon_symmetric_qz_equals_qx,theory_only
0.1525,1.0,0.0,asymptotic_ideal_single_photon_symmetric_qz_equals_qx,theory_only
0.153,1.0,0.0,asymptotic_ideal_single_photon_symmetric_qz_equals_qx,theory_only
0.1535,1.0,0.0,asymptotic_ideal_single_photon_symmetric_qz_equals_qx,theory_only
0.154,1.0,0.0,asymptotic_ideal_single_photon_symmetric_qz_equals_qx,theory_only
0.1545,1.0,0.0,asymptotic_ideal_single_photon_symmetric_qz_equals_qx,theory_only
0.155,1.0,0.0,asymptotic_ideal_single_photon_symmetric_qz_equals_qx,theory_only
0.1555,1.0,0.0,asymptotic_ideal_single_photon_symmetric_qz_equals_qx,theory_only
0.156,1.0,0.0,asymptotic_ideal_single_photon_symmetric_qz_equals_qx,theory_only
0.1565,1.0,0.0,asymptotic_ideal_single_photon_symmetric_qz_equals_qx,theory_only
0.157,1.0,0.0,asymptotic_ideal_single_photon_symmetric_qz_equals_qx,theory_only
0.1575,1.0,0.0,asymptotic_ideal_single_photon_symmetric_qz_equals_qx,theory_only
0.158,1.0,0.0,asymptotic_ideal_single_photon_symmetric_qz_equals_qx,theory_only
0.1585,1.0,0.0,asymptotic_ideal_single_photon_symmetric_qz_equals_qx,theory_only
0.159,1.0,0.0,asymptotic_ideal_single_photon_symmetric_qz_equals_qx,theory_only
0.1595,1.0,0.0,asymptotic_ideal_single_photon_symmetric_qz_equals_qx,theory_only
0.16,1.0,0.0,asymptotic_ideal_single_photon_symmetric_qz_equals_qx,theory_only
0.0,1.1,1.0,asymptotic_ideal_single_photon_symmetric_qz_equals_qx,theory_only
0.0005,1.1,0.9869714754787535,asymptotic_ideal_single_photon_symmetric_qz_equals_qx,theory_only
0.001,1.1,0.9760437087513316,asymptotic_ideal_single_photon_symmetric_qz_equals_qx,theory_only
0.0015,1.1,0.9659093320742829,asymptotic_ideal_single_photon_symmetric_qz_equals_qx,theory_only
0.002,1.1,0.9562904501954478,asymptotic_ideal_single_photon_symmetric_qz_equals_qx,theory_only
0.0025,1.1,0.9470550816248372,asymptotic_ideal_single_photon_symmetric_qz_equals_qx,theory_only
0.003,1.1,0.9381254911256632,asymptotic_ideal_single_photon_symmetric_qz_equals_qx,theory_only
0.0035,1.1,0.9294503139866955,asymptotic_ideal_single_photon_symmetric_qz_equals_qx,theory_only
0.004,1.1,0.9209930433232153,asymptotic_ideal_single_photon_symmetric_qz_equals_qx,theory_only
0.0045000000000000005,1.1,0.912726383057244,asymptotic_ideal_single_photon_symmetric_qz_equals_qx,theory_only
0.005,1.1,0.9046291460990323,asymptotic_ideal_single_photon_symmetric_qz_equals_qx,theory_only
0.0055,1.1,0.8966844068281107,asymptotic_ideal_single_photon_symmetric_qz_equals_qx,theory_only
0.006,1.1,0.8888783312758198,asymptotic_ideal_single_photon_symmetric_qz_equals_qx,theory_only
0.006500000000000001,1.1,0.8811994000400926,asymptotic_ideal_single_photon_symmetric_qz_equals_qx,theory_only
0.007,1.1,0.8736378717327821,asymptotic_ideal_single_photon_symmetric_qz_equals_qx,theory_only
0.0075,1.1,0.8661854005046463,asymptotic_ideal_single_photon_symmetric_qz_equals_qx,theory_only
0.008,1.1,0.8588347560075555,asymptotic_ideal_single_photon_symmetric_qz_equals_qx,theory_only
0.0085,1.1,0.8515796136307314,asymptotic_ideal_single_photon_symmetric_qz_equals_qx,theory_only
0.009000000000000001,1.1,0.8444143942566774,asymptotic_ideal_single_photon_symmetric_qz_equals_qx,theory_only
0.0095,1.1,0.8373341397311931,asymptotic_ideal_single_photon_symmetric_qz_equals_qx,theory_only
0.01,1.1,0.8303344146185865,asymptotic_ideal_single_photon_symmetric_qz_equals_qx,theory_only
0.0105,1.1,0.8234112276517667,asymptotic_ideal_single_photon_symmetric_qz_equals_qx,theory_only
0.011,1.1,0.816560968175736,asymptotic_ideal_single_photon_symmetric_qz_equals_qx,theory_only
0.0115,1.1,0.8097803541688705,asymptotic_ideal_single_photon_symmetric_qz_equals_qx,theory_only
0.012,1.1,0.8030663893196794,asymptotic_ideal_single_photon_symmetric_qz_equals_qx,theory_only
0.0125,1.1,0.7964163272688064,asymptotic_ideal_single_photon_symmetric_qz_equals_qx,theory_only
0.013000000000000001,1.1,0.7898276415806444,asymptotic_ideal_single_photon_symmetric_qz_equals_qx,theory_only
0.0135,1.1,0.783298000340912,asymptotic_ideal_single_photon_symmetric_qz_equals_qx,theory_only
0.014,1.1,0.7768252445222144,asymptotic_ideal_single_photon_symmetric_qz_equals_qx,theory_only
0.0145,1.1,0.7704073694437978,asymptotic_ideal_single_photon_symmetric_qz_equals_qx,theory_only
0.015,1.1,0.7640425087913089,asymptotic_ideal_single_photon_symmetric_qz_equals_qx,theory_only
0.0155,1.1,0.7577289207693773,asymptotic_ideal_single_photon_symmetric_qz_equals_qx,theory_only
0.016,1.1,0.7514649760426224,asymptotic_ideal_single_photon_symmetric_qz_equals_qx,theory_only
0.0165,1.1,0.7452491471853501,asymptotic_ideal_single_photon_symmetric_qz_equals_qx,theory_only
0.017,1.1,0.7390799994111148,asymptotic_ideal_single_photon_symmetric_qz_equals_qx,theory_only
0.0175,1.1,0.732956182393765,asymptotic_ideal_single_photon_symmetric_qz_equals_qx,theory_only
0.018000000000000002,1.1,0.7268764230238967,asymptotic_ideal_single_photon_symmetric_qz_equals_qx,theory_only
0.0185,1.1,0.7208395189707005,asymptotic_ideal_single_photon_symmetric_qz_equals_qx,theory_only
0.019,1.1,0.7148443329402699,asymptotic_ideal_single_photon_symmetric_qz_equals_qx,theory_only
0.0195,1.1,0.7088897875386707,asymptotic_ideal_single_photon_symmetric_qz_equals_qx,theory_only
0.02,1.1,0.7029748606621765,asymptotic_ideal_single_photon_symmetric_qz_equals_qx,theory_only
0.0205,1.1,0.6970985813487388,asymptotic_ideal_single_photon_symmetric_qz_equals_qx,theory_only
0.021,1.1,0.6912600260343971,asymptotic_ideal_single_photon_symmetric_qz_equals_qx,theory_only
0.021500000000000002,1.1,0.685458315166405,asymptotic_ideal_single_photon_symmetric_qz_equals_qx,theory_only
0.022,1.1,0.679692610131558,asymptotic_ideal_single_photon_symmetric_qz_equals_qx,theory_only
0.0225,1.1,0.6739621104638949,asymptotic_ideal_single_photon_symmetric_qz_equals_qx,theory_only
0.023,1.1,0.6682660513007069,asymptotic_ideal_single_photon_symmetric_qz_equals_qx,theory_only
0.0235,1.1,0.662603701059858,asymptotic_ideal_single_photon_symmetric_qz_equals_qx,theory_only
0.024,1.1,0.6569743593148551,asymptotic_ideal_single_photon_symmetric_qz_equals_qx,theory_only
0.0245,1.1,0.6513773548470657,asymptotic_ideal_single_photon_symmetric_qz_equals_qx,theory_only
0.025,1.1,0.6458120438569924,asymptotic_ideal_single_photon_symmetric_qz_equals_qx,theory_only
0.025500000000000002,1.1,0.6402778083186998,asymptotic_ideal_single_photon_symmetric_qz_equals_qx,theory_only
0.026000000000000002,1.1,0.6347740544633436,asymptotic_ideal_single_photon_symmetric_qz_equals_qx,theory_only
0.0265,1.1,0.6293002113793937,asymptotic_ideal_single_photon_symmetric_qz_equals_qx,theory_only
0.027,1.1,0.623855729718531,asymptotic_ideal_single_photon_symmetric_qz_equals_qx,theory_only
0.0275,1.1,0.6184400804974326,asymptotic_ideal_single_photon_symmetric_qz_equals_qx,theory_only
0.028,1.1,0.6130527539867242,asymptotic_ideal_single_photon_symmetric_qz_equals_qx,theory_only
0.0285,1.1,0.6076932586793178,asymptotic_ideal_single_photon_symmetric_qz_equals_qx,theory_only
0.029,1.1,0.6023611203311612,asymptotic_ideal_single_photon_symmetric_qz_equals_qx,theory_only
0.029500000000000002,1.1,0.5970558810681657,asymptotic_ideal_single_photon_symmetric_qz_equals_qx,theory_only
0.03,1.1,0.59177709855369,asymptotic_ideal_single_photon_symmetric_qz_equals_qx,theory_only
0.0305,1.1,0.5865243452115442,asymptotic_ideal_single_photon_symmetric_qz_equals_qx,theory_only
0.031,1.1,0.5812972074999512,asymptotic_ideal_single_photon_symmetric_qz_equals_qx,theory_only
0.0315,1.1,0.5760952852323644,asymptotic_ideal_single_photon_symmetric_qz_equals_qx,theory_only
0.032,1.1,0.5709181909414128,asymptotic_ideal_single_photon_symmetric_qz_equals_qx,theory_only
0.0325,1.1,0.5657655492826134,asymptotic_ideal_single_photon_symmetric_qz_equals_qx,theory_only
0.033,1.1,0.5606369964747793,asymptotic_ideal_single_photon_symmetric_qz_equals_qx,theory_only
0.0335,1.1,0.5555321797743561,asymptotic_ideal_single_photon_symmetric_qz_equals_qx,theory_only
0.034,1.1,0.5504507569811407,asymptotic_ideal_single_photon_symmetric_qz_equals_qx,theory_only
0.0345,1.1,0.5453923959730866,asymptotic_ideal_single_photon_symmetric_qz_equals_qx,theory_only
0.035,1.1,0.5403567742680768,asymptotic_ideal_single_photon_symmetric_qz_equals_qx,theory_only
0.035500000000000004,1.1,0.535343578610748,asymptotic_ideal_single_photon_symmetric_qz_equals_qx,theory_only
0.036000000000000004,1.1,0.5303525045825902,asymptotic_ideal_single_photon_symmetric_qz_equals_qx,theory_only
0.0365,1.1,0.5253832562337178,asymptotic_ideal_single_photon_symmetric_qz_equals_qx,theory_only
0.037,1.1,0.5204355457348142,asymptotic_ideal_single_photon_symmetric_qz_equals_qx,theory_only
0.0375,1.1,0.5155090930478996,asymptotic_ideal_single_photon_symmetric_qz_equals_qx,theory_only
0.038,1.1,0.5106036256146539,asymptotic_ideal_single_photon_symmetric_qz_equals_qx,theory_only
0.0385,1.1,0.5057188780611535,asymptotic_ideal_single_photon_symmetric_qz_equals_qx,theory_only
0.039,1.1,0.5008545919179409,asymptotic_ideal_single_photon_symmetric_qz_equals_qx,theory_only
0.0395,1.1,0.4960105153544594,asymptotic_ideal_single_photon_symmetric_qz_equals_qx,theory_only
0.04,1.1,0.49118640292692883,asymptotic_ideal_single_photon_symmetric_qz_equals_qx,theory_only
0.0405,1.1,0.48638201533883585,asymptotic_ideal_single_photon_symmetric_qz_equals_qx,theory_only
0.041,1.1,0.48159711921324766,asymptotic_ideal_single_photon_symmetric_qz_equals_qx,theory_only
0.0415,1.1,0.47683148687623866,asymptotic_ideal_single_photon_symmetric_qz_equals_qx,theory_only
0.042,1.1,0.4720848961507511,asymptotic_ideal_single_photon_symmetric_qz_equals_qx,theory_only
0.0425,1.1,0.4673571301602784,asymptotic_ideal_single_photon_symmetric_qz_equals_qx,theory_only
0.043000000000000003,1.1,0.4626479771417821,asymptotic_ideal_single_photon_symmetric_qz_equals_qx,theory_only
0.043500000000000004,1.1,0.45795723026731705,asymptotic_ideal_single_photon_symmetric_qz_equals_qx,theory_only
0.044,1.1,0.4532846874738542,asymptotic_ideal_single_photon_symmetric_qz_equals_qx,theory_only
0.0445,1.1,0.4486301513008425,asymptotic_ideal_single_photon_symmetric_qz_equals_qx,theory_only
0.045,1.1,0.4439934287350706,asymptotic_ideal_single_photon_symmetric_qz_equals_qx,theory_only
0.0455,1.1,0.4393743310624254,asymptotic_ideal_single_photon_symmetric_qz_equals_qx,theory_only
0.046,1.1,0.43477267372616635,asymptotic_ideal_single_photon_symmetric_qz_equals_qx,theory_only
0.0465,1.1,0.4301882761913638,asymptotic_ideal_single_photon_symmetric_qz_equals_qx,theory_only
0.047,1.1,0.4256209618151667,asymptotic_ideal_single_photon_symmetric_qz_equals_qx,theory_only
0.0475,1.1,0.4210705577225933,asymptotic_ideal_single_photon_symmetric_qz_equals_qx,theory_only
0.048,1.1,0.4165368946875503,asymptotic_ideal_single_photon_symmetric_qz_equals_qx,theory_only
0.0485,1.1,0.412019807018813,asymptotic_ideal_single_photon_symmetric_qz_equals_qx,theory_only
0.049,1.1,0.40751913245070337,asymptotic_ideal_single_photon_symmetric_qz_equals_qx,theory_only
0.0495,1.1,0.4030347120382348,asymptotic_ideal_single_photon_symmetric_qz_equals_qx,theory_only
0.05,1.1,0.39856639005649186,asymptotic_ideal_single_photon_symmetric_qz_equals_qx,theory_only
0.0505,1.1,0.3941140139040356,asymptotic_ideal_single_photon_symmetric_qz_equals_qx,theory_only
0.051000000000000004,1.1,0.3896774340101331,asymptotic_ideal_single_photon_symmetric_qz_equals_qx,theory_only
0.051500000000000004,1.1,0.38525650374563003,asymptotic_ideal_single_photon_symmetric_qz_equals_qx,theory_only
0.052000000000000005,1.1,0.3808510793372785,asymptotic_ideal_single_photon_symmetric_qz_equals_qx,theory_only
0.0525,1.1,0.37646101978536617,asymptotic_ideal_single_photon_symmetric_qz_equals_qx,theory_only
0.053,1.1,0.3720861867844783,asymptotic_ideal_single_photon_symmetric_qz_equals_qx,theory_only
0.0535,1.1,0.36772644464725557,asymptotic_ideal_single_photon_symmetric_qz_equals_qx,theory_only
0.054,1.1,0.36338166023099683,asymptotic_ideal_single_photon_symmetric_qz_equals_qx,theory_only
0.0545,1.1,0.3590517028669853,asymptotic_ideal_single_photon_symmetric_qz_equals_qx,theory_only
0.055,1.1,0.3547364442924046,asymptotic_ideal_single_photon_symmetric_qz_equals_qx,theory_only
0.0555,1.1,0.350435758584734,asymptotic_ideal_single_photon_symmetric_qz_equals_qx,theory_only
0.056,1.1,0.34614952209850536,asymptotic_ideal_single_photon_symmetric_qz_equals_qx,theory_only
0.0565,1.1,0.34187761340432166,asymptotic_ideal_single_photon_symmetric_qz_equals_qx,theory_only
0.057,1.1,0.3376199132300304,asymptotic_ideal_single_photon_symmetric_qz_equals_qx,theory_only
0.0575,1.1,0.3333763044039661,asymptotic_ideal_single_photon_symmetric_qz_equals_qx,theory_only
0.058,1.1,0.329146671800163,asymptotic_ideal_single_photon_symmetric_qz_equals_qx,theory_only
0.0585,1.1,0.32493090228545995,asymptotic_ideal_single_photon_symmetric_qz_equals_qx,theory_only
0.059000000000000004,1.1,0.32072888466841065,asymptotic_ideal_single_photon_symmetric_qz_equals_qx,theory_only
0.059500000000000004,1.1,0.3165405096499313,asymptotic_ideal_single_photon_symmetric_qz_equals_qx,theory_only
0.06,1.1,0.31236566977559976,asymptotic_ideal_single_photon_symmetric_qz_equals_qx,theory_only
0.0605,1.1,0.308204259389553,asymptotic_ideal_single_photon_symmetric_qz_equals_qx,theory_only
0.061,1.1,0.304056174589901,asymptotic_ideal_single_photon_symmetric_qz_equals_qx,theory_only
0.0615,1.1,0.29992131318560866,asymptotic_ideal_single_photon_symmetric_qz_equals_qx,theory_only
0.062,1.1,0.2957995746547769,asymptotic_ideal_single_photon_symmetric_qz_equals_qx,theory_only
0.0625,1.1,0.2916908601042708,asymptotic_ideal_single_photon_symmetric_qz_equals_qx,theory_only
0.063,1.1,0.2875950722306382,asymptotic_ideal_single_photon_symmetric_qz_equals_qx,theory_only
0.0635,1.1,0.2835121152822707,asymptotic_ideal_single_photon_symmetric_qz_equals_qx,theory_only
0.064,1.1,0.27944189502275685,asymptotic_ideal_single_photon_symmetric_qz_equals_qx,theory_only
0.0645,1.1,0.2753843186953793,asymptotic_ideal_single_photon_symmetric_qz_equals_qx,theory_only
0.065,1.1,0.2713392949887119,asymptotic_ideal_single_photon_symmetric_qz_equals_qx,theory_only
0.0655,1.1,0.26730673400327876,asymptotic_ideal_single_photon_symmetric_qz_equals_qx,theory_only
0.066,1.1,0.2632865472192295,asymptotic_ideal_single_photon_symmetric_qz_equals_qx,theory_only
0.0665,1.1,0.25927864746499335,asymptotic_ideal_single_photon_symmetric_qz_equals_qx,theory_only
0.067,1.1,0.25528294888687664,asymptotic_ideal_single_photon_symmetric_qz_equals_qx,theory_only
0.0675,1.1,0.2512993669195691,asymptotic_ideal_single_photon_symmetric_qz_equals_qx,theory_only
0.068,1.1,0.2473278182575228,asymptotic_ideal_single_photon_symmetric_qz_equals_qx,theory_only
0.0685,1.1,0.24336822082717335,asymptotic_ideal_single_photon_symmetric_qz_equals_qx,theory_only
0.069,1.1,0.23942049375997154,asymptotic_ideal_single_photon_symmetric_qz_equals_qx,theory_only
0.0695,1.1,0.23548455736619806,asymptotic_ideal_single_photon_symmetric_qz_equals_qx,theory_only
0.07,1.1,0.231560333109531,asymptotic_ideal_single_photon_symmetric_qz_equals_qx,theory_only
0.07050000000000001,1.1,0.22764774358234052,asymptotic_ideal_single_photon_symmetric_qz_equals_qx,theory_only
0.07100000000000001,1.1,0.22374671248168299,asymptotic_ideal_single_photon_symmetric_qz_equals_qx,theory_only
0.07150000000000001,1.1,0.2198571645859726,asymptotic_ideal_single_photon_symmetric_qz_equals_qx,theory_only
0.07200000000000001,1.1,0.21597902573230715,asymptotic_ideal_single_photon_symmetric_qz_equals_qx,theory_only
0.0725,1.1,0.21211222279442066,asymptotic_ideal_single_photon_symmetric_qz_equals_qx,theory_only
0.073,1.1,0.2082566836612445,asymptotic_ideal_single_photon_symmetric_qz_equals_qx,theory_only
0.0735,1.1,0.20441233721605961,asymptotic_ideal_single_photon_symmetric_qz_equals_qx,theory_only
0.074,1.1,0.20057911331621175,asymptotic_ideal_single_photon_symmetric_qz_equals_qx,theory_only
0.0745,1.1,0.19675694277337663,asymptotic_ideal_single_photon_symmetric_qz_equals_qx,theory_only
0.075,1.1,0.19294575733435626,asymptotic_ideal_single_photon_symmetric_qz_equals_qx,theory_only
0.0755,1.1,0.18914548966238448,asymptotic_ideal_single_photon_symmetric_qz_equals_qx,theory_only
0.076,1.1,0.18535607331893156,asymptotic_ideal_single_photon_symmetric_qz_equals_qx,theory_only
0.0765,1.1,0.1815774427459831,asymptotic_ideal_single_photon_symmetric_qz_equals_qx,theory_only
0.077,1.1,0.177809533248787,asymptotic_ideal_single_photon_symmetric_qz_equals_qx,theory_only
0.0775,1.1,0.1740522809790443,asymptotic_ideal_single_photon_symmetric_qz_equals_qx,theory_only
0.078,1.1,0.17030562291853774,asymptotic_ideal_single_photon_symmetric_qz_equals_qx,theory_only
0.0785,1.1,0.1665694968631765,asymptotic_ideal_single_photon_symmetric_qz_equals_qx,theory_only
0.079,1.1,0.1628438414074509,asymptotic_ideal_single_photon_symmetric_qz_equals_qx,theory_only
0.0795,1.1,0.15912859592927697,asymptotic_ideal_single_photon_symmetric_qz_equals_qx,theory_only
0.08,1.1,0.15542370057522714,asymptotic_ideal_single_photon_symmetric_qz_equals_qx,theory_only
0.0805,1.1,0.15172909624612424,asymptotic_ideal_single_photon_symmetric_qz_equals_qx,theory_only
0.081,1.1,0.1480447245829996,asymptotic_ideal_single_photon_symmetric_qz_equals_qx,theory_only
0.0815,1.1,0.1443705279533924,asymptotic_ideal_single_photon_symmetric_qz_equals_qx,theory_only
0.082,1.1,0.14070644943799027,asymptotic_ideal_single_photon_symmetric_qz_equals_qx,theory_only
0.0825,1.1,0.13705243281759039,asymptotic_ideal_single_photon_symmetric_qz_equals_qx,theory_only
0.083,1.1,0.13340842256038243,asymptotic_ideal_single_photon_symmetric_qz_equals_qx,theory_only
0.0835,1.1,0.12977436380953322,asymptotic_ideal_single_photon_symmetric_qz_equals_qx,theory_only
0.084,1.1,0.12615020237107183,asymptotic_ideal_single_photon_symmetric_qz_equals_qx,theory_only
0.0845,1.1,0.12253588470206112,asymptotic_ideal_single_photon_symmetric_qz_equals_qx,theory_only
0.085,1.1,0.1189313578990514,asymptotic_ideal_single_photon_symmetric_qz_equals_qx,theory_only
0.0855,1.1,0.11533656968680261,asymptotic_ideal_single_photon_symmetric_qz_equals_qx,theory_only
0.08600000000000001,1.1,0.11175146840727512,asymptotic_ideal_single_photon_symmetric_qz_equals_qx,theory_only
0.08650000000000001,1.1,0.10817600300887076,asymptotic_ideal_single_photon_symmetric_qz_equals_qx,theory_only
0.08700000000000001,1.1,0.10461012303592865,asymptotic_ideal_single_photon_symmetric_qz_equals_qx,theory_only
0.08750000000000001,1.1,0.10105377861845671,asymptotic_ideal_single_photon_symmetric_qz_equals_qx,theory_only
0.088,1.1,0.09750692046210307,asymptotic_ideal_single_photon_symmetric_qz_equals_qx,theory_only
0.0885,1.1,0.09396949983835107,asymptotic_ideal_single_photon_symmetric_qz_equals_qx,theory_only
0.089,1.1,0.0904414685749404,asymptotic_ideal_single_photon_symmetric_qz_equals_qx,theory_only
0.0895,1.1,0.0869227790464977,asymptotic_ideal_single_photon_symmetric_qz_equals_qx,theory_only
0.09,1.1,0.08341338416538385,asymptotic_ideal_single_photon_symmetric_qz_equals_qx,theory_only
0.0905,1.1,0.07991323737273665,asymptotic_ideal_single_photon_symmetric_qz_equals_qx,theory_only
0.091,1.1,0.07642229262971917,asymptotic_ideal_single_photon_symmetric_qz_equals_qx,theory_only
0.0915,1.1,0.07294050440895378,asymptotic_ideal_single_photon_symmetric_qz_equals_qx,theory_only
0.092,1.1,0.06946782768614879,asymptotic_ideal_single_photon_symmetric_qz_equals_qx,theory_only
0.0925,1.1,0.06600421793190336,asymptotic_ideal_single_photon_symmetric_qz_equals_qx,theory_only
0.093,1.1,0.06254963110369255,asymptotic_ideal_single_photon_symmetric_qz_equals_qx,theory_only
0.0935,1.1,0.059104023638020975,asymptotic_ideal_single_photon_symmetric_qz_equals_qx,theory_only
0.094,1.1,0.055667352442749674,asymptotic_ideal_single_photon_symmetric_qz_equals_qx,theory_only
0.0945,1.1,0.0522395748895807,asymptotic_ideal_single_photon_symmetric_qz_equals_qx,theory_only
0.095,1.1,0.048820648806705225,asymptotic_ideal_single_photon_symmetric_qz_equals_qx,theory_only
0.0955,1.1,0.04541053247160254,asymptotic_ideal_single_photon_symmetric_qz_equals_qx,theory_only
0.096,1.1,0.04200918460399472,asymptotic_ideal_single_photon_symmetric_qz_equals_qx,theory_only
0.0965,1.1,0.03861656435894156,asymptotic_ideal_single_photon_symmetric_qz_equals_qx,theory_only
0.097,1.1,0.03523263132008658,asymptotic_ideal_single_photon_symmetric_qz_equals_qx,theory_only
0.0975,1.1,0.031857345493034206,asymptotic_ideal_single_photon_symmetric_qz_equals_qx,theory_only
0.098,1.1,0.02849066729886962,asymptotic_ideal_single_photon_symmetric_qz_equals_qx,theory_only
0.0985,1.1,0.02513255756780597,asymptotic_ideal_single_photon_symmetric_qz_equals_qx,theory_only
0.099,1.1,0.02178297753296432,asymptotic_ideal_single_photon_symmetric_qz_equals_qx,theory_only
0.0995,1.1,0.018441888824275554,asymptotic_ideal_single_photon_symmetric_qz_equals_qx,theory_only
0.1,1.1,0.015109253462509353,asymptotic_ideal_single_photon_symmetric_qz_equals_qx,theory_only
0.1005,1.1,0.01178503385341717,asymptotic_ideal_single_photon_symmetric_qz_equals_qx,theory_only
0.101,1.1,0.00846919278199798,asymptotic_ideal_single_photon_symmetric_qz_equals_qx,theory_only
0.1015,1.1,0.005161693406871226,asymptotic_ideal_single_photon_symmetric_qz_equals_qx,theory_only
0.10200000000000001,1.1,0.0018624992547663921,asymptotic_ideal_single_photon_symmetric_qz_equals_qx,theory_only
0.10250000000000001,1.1,0.0,asymptotic_ideal_single_photon_symmetric_qz_equals_qx,theory_only
0.10300000000000001,1.1,0.0,asymptotic_ideal_single_photon_symmetric_qz_equals_qx,theory_only
0.10350000000000001,1.1,0.0,asymptotic_ideal_single_photon_symmetric_qz_equals_qx,theory_only
0.10400000000000001,1.1,0.0,asymptotic_ideal_single_photon_symmetric_qz_equals_qx,theory_only
0.1045,1.1,0.0,asymptotic_ideal_single_photon_symmetric_qz_equals_qx,theory_only
0.105,1.1,0.0,asymptotic_ideal_single_photon_symmetric_qz_equals_qx,theory_only
0.1055,1.1,0.0,asymptotic_ideal_single_photon_symmetric_qz_equals_qx,theory_only
0.106,1.1,0.0,asymptotic_ideal_single_photon_symmetric_qz_equals_qx,theory_only
0.1065,1.1,0.0,asymptotic_ideal_single_photon_symmetric_qz_equals_qx,theory_only
0.107,1.1,0.0,asymptotic_ideal_single_photon_symmetric_qz_equals_qx,theory_only
0.1075,1.1,0.0,asymptotic_ideal_single_photon_symmetric_qz_equals_qx,theory_only
0.108,1.1,0.0,asymptotic_ideal_single_photon_symmetric_qz_equals_qx,theory_only
0.1085,1.1,0.0,asymptotic_ideal_single_photon_symmetric_qz_equals_qx,theory_only
0.109,1.1,0.0,asymptotic_ideal_single_photon_symmetric_qz_equals_qx,theory_only
0.1095,1.1,0.0,asymptotic_ideal_single_photon_symmetric_qz_equals_qx,theory_only
0.11,1.1,0.0,asymptotic_ideal_single_photon_symmetric_qz_equals_qx,theory_only
0.1105,1.1,0.0,asymptotic_ideal_single_photon_symmetric_qz_equals_qx,theory_only
0.111,1.1,0.0,asymptotic_ideal_single_photon_symmetric_qz_equals_qx,theory_only
0.1115,1.1,0.0,asymptotic_ideal_single_photon_symmetric_qz_equals_qx,theory_only
0.112,1.1,0.0,asymptotic_ideal_single_photon_symmetric_qz_equals_qx,theory_only
0.1125,1.1,0.0,asymptotic_ideal_single_photon_symmetric_qz_equals_qx,theory_only
0.113,1.1,0.0,asymptotic_ideal_single_photon_symmetric_qz_equals_qx,theory_only
0.1135,1.1,0.0,asymptotic_ideal_single_photon_symmetric_qz_equals_qx,theory_only
0.114,1.1,0.0,asymptotic_ideal_single_photon_symmetric_qz_equals_qx,theory_only
0.1145,1.1,0.0,asymptotic_ideal_single_photon_symmetric_qz_equals_qx,theory_only
0.115,1.1,0.0,asymptotic_ideal_single_photon_symmetric_qz_equals_qx,theory_only
0.1155,1.1,0.0,asymptotic_ideal_single_photon_symmetric_qz_equals_qx,theory_only
0.116,1.1,0.0,asymptotic_ideal_single_photon_symmetric_qz_equals_qx,theory_only
0.1165,1.1,0.0,asymptotic_ideal_single_photon_symmetric_qz_equals_qx,theory_only
0.117,1.1,0.0,asymptotic_ideal_single_photon_symmetric_qz_equals_qx,theory_only
0.11750000000000001,1.1,0.0,asymptotic_ideal_single_photon_symmetric_qz_equals_qx,theory_only
0.11800000000000001,1.1,0.0,asymptotic_ideal_single_photon_symmetric_qz_equals_qx,theory_only
0.11850000000000001,1.1,0.0,asymptotic_ideal_single_photon_symmetric_qz_equals_qx,theory_only
0.11900000000000001,1.1,0.0,asymptotic_ideal_single_photon_symmetric_qz_equals_qx,theory_only
0.11950000000000001,1.1,0.0,asymptotic_ideal_single_photon_symmetric_qz_equals_qx,theory_only
0.12,1.1,0.0,asymptotic_ideal_single_photon_symmetric_qz_equals_qx,theory_only
0.1205,1.1,0.0,asymptotic_ideal_single_photon_symmetric_qz_equals_qx,theory_only
0.121,1.1,0.0,asymptotic_ideal_single_photon_symmetric_qz_equals_qx,theory_only
0.1215,1.1,0.0,asymptotic_ideal_single_photon_symmetric_qz_equals_qx,theory_only
0.122,1.1,0.0,asymptotic_ideal_single_photon_symmetric_qz_equals_qx,theory_only
0.1225,1.1,0.0,asymptotic_ideal_single_photon_symmetric_qz_equals_qx,theory_only
0.123,1.1,0.0,asymptotic_ideal_single_photon_symmetric_qz_equals_qx,theory_only
0.1235,1.1,0.0,asymptotic_ideal_single_photon_symmetric_qz_equals_qx,theory_only
0.124,1.1,0.0,asymptotic_ideal_single_photon_symmetric_qz_equals_qx,theory_only
0.1245,1.1,0.0,asymptotic_ideal_single_photon_symmetric_qz_equals_qx,theory_only
0.125,1.1,0.0,asymptotic_ideal_single_photon_symmetric_qz_equals_qx,theory_only
0.1255,1.1,0.0,asymptotic_ideal_single_photon_symmetric_qz_equals_qx,theory_only
0.126,1.1,0.0,asymptotic_ideal_single_photon_symmetric_qz_equals_qx,theory_only
0.1265,1.1,0.0,asymptotic_ideal_single_photon_symmetric_qz_equals_qx,theory_only
0.127,1.1,0.0,asymptotic_ideal_single_photon_symmetric_qz_equals_qx,theory_only
0.1275,1.1,0.0,asymptotic_ideal_single_photon_symmetric_qz_equals_qx,theory_only
0.128,1.1,0.0,asymptotic_ideal_single_photon_symmetric_qz_equals_qx,theory_only
0.1285,1.1,0.0,asymptotic_ideal_single_photon_symmetric_qz_equals_qx,theory_only
0.129,1.1,0.0,asymptotic_ideal_single_photon_symmetric_qz_equals_qx,theory_only
0.1295,1.1,0.0,asymptotic_ideal_single_photon_symmetric_qz_equals_qx,theory_only
0.13,1.1,0.0,asymptotic_ideal_single_photon_symmetric_qz_equals_qx,theory_only
0.1305,1.1,0.0,asymptotic_ideal_single_photon_symmetric_qz_equals_qx,theory_only
0.131,1.1,0.0,asymptotic_ideal_single_photon_symmetric_qz_equals_qx,theory_only
0.1315,1.1,0.0,asymptotic_ideal_single_photon_symmetric_qz_equals_qx,theory_only
0.132,1.1,0.0,asymptotic_ideal_single_photon_symmetric_qz_equals_qx,theory_only
0.1325,1.1,0.0,asymptotic_ideal_single_photon_symmetric_qz_equals_qx,theory_only
0.133,1.1,0.0,asymptotic_ideal_single_photon_symmetric_qz_equals_qx,theory_only
0.1335,1.1,0.0,asymptotic_ideal_single_photon_symmetric_qz_equals_qx,theory_only
0.134,1.1,0.0,asymptotic_ideal_single_photon_symmetric_qz_equals_qx,theory_only
0.1345,1.1,0.0,asymptotic_ideal_single_photon_symmetric_qz_equals_qx,theory_only
0.135,1.1,0.0,asymptotic_ideal_single_photon_symmetric_qz_equals_qx,theory_only
0.1355,1.1,0.0,asymptotic_ideal_single_photon_symmetric_qz_equals_qx,theory_only
0.136,1.1,0.0,asymptotic_ideal_single_photon_symmetric_qz_equals_qx,theory_only
0.1365,1.1,0.0,asymptotic_ideal_single_photon_symmetric_qz_equals_qx,theory_only
0.137,1.1,0.0,asymptotic_ideal_single_photon_symmetric_qz_equals_qx,theory_only
0.1375,1.1,0.0,asymptotic_ideal_single_photon_symmetric_qz_equals_qx,theory_only
0.138,1.1,0.0,asymptotic_ideal_single_photon_symmetric_qz_equals_qx,theory_only
0.1385,1.1,0.0,asymptotic_ideal_single_photon_symmetric_qz_equals_qx,theory_only
0.139,1.1,0.0,asymptotic_ideal_single_photon_symmetric_qz_equals_qx,theory_only
0.1395,1.1,0.0,asymptotic_ideal_single_photon_symmetric_qz_equals_qx,theory_only
0.14,1.1,0.0,asymptotic_ideal_single_photon_symmetric_qz_equals_qx,theory_only
0.1405,1.1,0.0,asymptotic_ideal_single_photon_symmetric_qz_equals_qx,theory_only
0.14100000000000001,1.1,0.0,asymptotic_ideal_single_photon_symmetric_qz_equals_qx,theory_only
0.14150000000000001,1.1,0.0,asymptotic_ideal_single_photon_symmetric_qz_equals_qx,theory_only
0.14200000000000002,1.1,0.0,asymptotic_ideal_single_photon_symmetric_qz_equals_qx,theory_only
0.14250000000000002,1.1,0.0,asymptotic_ideal_single_photon_symmetric_qz_equals_qx,theory_only
0.14300000000000002,1.1,0.0,asymptotic_ideal_single_photon_symmetric_qz_equals_qx,theory_only
0.14350000000000002,1.1,0.0,asymptotic_ideal_single_photon_symmetric_qz_equals_qx,theory_only
0.14400000000000002,1.1,0.0,asymptotic_ideal_single_photon_symmetric_qz_equals_qx,theory_only
0.1445,1.1,0.0,asymptotic_ideal_single_photon_symmetric_qz_equals_qx,theory_only
0.145,1.1,0.0,asymptotic_ideal_single_photon_symmetric_qz_equals_qx,theory_only
0.1455,1.1,0.0,asymptotic_ideal_single_photon_symmetric_qz_equals_qx,theory_only
0.146,1.1,0.0,asymptotic_ideal_single_photon_symmetric_qz_equals_qx,theory_only
0.1465,1.1,0.0,asymptotic_ideal_single_photon_symmetric_qz_equals_qx,theory_only
0.147,1.1,0.0,asymptotic_ideal_single_photon_symmetric_qz_equals_qx,theory_only
0.1475,1.1,0.0,asymptotic_ideal_single_photon_symmetric_qz_equals_qx,theory_only
0.148,1.1,0.0,asymptotic_ideal_single_photon_symmetric_qz_equals_qx,theory_only
0.1485,1.1,0.0,asymptotic_ideal_single_photon_symmetric_qz_equals_qx,theory_only
0.149,1.1,0.0,asymptotic_ideal_single_photon_symmetric_qz_equals_qx,theory_only
0.1495,1.1,0.0,asymptotic_ideal_single_photon_symmetric_qz_equals_qx,theory_only
0.15,1.1,0.0,asymptotic_ideal_single_photon_symmetric_qz_equals_qx,theory_only
0.1505,1.1,0.0,asymptotic_ideal_single_photon_symmetric_qz_equals_qx,theory_only
0.151,1.1,0.0,asymptotic_ideal_single_photon_symmetric_qz_equals_qx,theory_only
0.1515,1.1,0.0,asymptotic_ideal_single_photon_symmetric_qz_equals_qx,theory_only
0.152,1.1,0.0,asymptotic_ideal_single_photon_symmetric_qz_equals_qx,theory_only
0.1525,1.1,0.0,asymptotic_ideal_single_photon_symmetric_qz_equals_qx,theory_only
0.153,1.1,0.0,asymptotic_ideal_single_photon_symmetric_qz_equals_qx,theory_only
0.1535,1.1,0.0,asymptotic_ideal_single_photon_symmetric_qz_equals_qx,theory_only
0.154,1.1,0.0,asymptotic_ideal_single_photon_symmetric_qz_equals_qx,theory_only
0.1545,1.1,0.0,asymptotic_ideal_single_photon_symmetric_qz_equals_qx,theory_only
0.155,1.1,0.0,asymptotic_ideal_single_photon_symmetric_qz_equals_qx,theory_only
0.1555,1.1,0.0,asymptotic_ideal_single_photon_symmetric_qz_equals_qx,theory_only
0.156,1.1,0.0,asymptotic_ideal_single_photon_symmetric_qz_equals_qx,theory_only
0.1565,1.1,0.0,asymptotic_ideal_single_photon_symmetric_qz_equals_qx,theory_only
0.157,1.1,0.0,asymptotic_ideal_single_photon_symmetric_qz_equals_qx,theory_only
0.1575,1.1,0.0,asymptotic_ideal_single_photon_symmetric_qz_equals_qx,theory_only
0.158,1.1,0.0,asymptotic_ideal_single_photon_symmetric_qz_equals_qx,theory_only
0.1585,1.1,0.0,asymptotic_ideal_single_photon_symmetric_qz_equals_qx,theory_only
0.159,1.1,0.0,asymptotic_ideal_single_photon_symmetric_qz_equals_qx,theory_only
0.1595,1.1,0.0,asymptotic_ideal_single_photon_symmetric_qz_equals_qx,theory_only
0.16,1.1,0.0,asymptotic_ideal_single_photon_symmetric_qz_equals_qx,theory_only
0.0,1.2,1.0,asymptotic_ideal_single_photon_symmetric_qz_equals_qx,theory_only
0.0005,1.2,0.9863510695491703,asymptotic_ideal_single_photon_symmetric_qz_equals_qx,theory_only
0.001,1.2,0.9749029329775855,asymptotic_ideal_single_photon_symmetric_qz_equals_qx,theory_only
0.0015,1.2,0.964285966934963,asymptotic_ideal_single_photon_symmetric_qz_equals_qx,theory_only
0.002,1.2,0.9542090430618977,asymptotic_ideal_single_photon_symmetric_qz_equals_qx,theory_only
0.0025,1.2,0.9445338950355436,asymptotic_ideal_single_photon_symmetric_qz_equals_qx,theory_only
0.003,1.2,0.935179085941171,asymptotic_ideal_single_photon_symmetric_qz_equals_qx,theory_only
0.0035,1.2,0.9260908051289191,asymptotic_ideal_single_photon_symmetric_qz_equals_qx,theory_only
0.004,1.2,0.9172308072909875,asymptotic_ideal_single_photon_symmetric_qz_equals_qx,theory_only
0.0045000000000000005,1.2,0.9085704965361604,asymptotic_ideal_single_photon_symmetric_qz_equals_qx,theory_only
0.005,1.2,0.9000876768656529,asymptotic_ideal_single_photon_symmetric_qz_equals_qx,theory_only
0.0055,1.2,0.8917646166770683,asymptotic_ideal_single_photon_symmetric_qz_equals_qx,theory_only
0.006,1.2,0.8835868232413351,asymptotic_ideal_single_photon_symmetric_qz_equals_qx,theory_only
0.006500000000000001,1.2,0.8755422286134303,asymptotic_ideal_single_photon_symmetric_qz_equals_qx,theory_only
0.007,1.2,0.8676206275295811,asymptotic_ideal_single_photon_symmetric_qz_equals_qx,theory_only
0.0075,1.2,0.8598132767191533,asymptotic_ideal_single_photon_symmetric_qz_equals_qx,theory_only
0.008,1.2,0.8521126015317249,asymptotic_ideal_single_photon_symmetric_qz_equals_qx,theory_only
0.0085,1.2,0.8445119761845759,asymptotic_ideal_single_photon_symmetric_qz_equals_qx,theory_only
0.009000000000000001,1.2,0.8370055558879478,asymptotic_ideal_single_photon_symmetric_qz_equals_qx,theory_only
0.0095,1.2,0.8295881463850595,asymptotic_ideal_single_photon_symmetric_qz_equals_qx,theory_only
0.01,1.2,0.8222551010289953,asymptotic_ideal_single_photon_symmetric_qz_equals_qx,theory_only
0.0105,1.2,0.815002238492327,asymptotic_ideal_single_photon_symmetric_qz_equals_qx,theory_only
0.011,1.2,0.8078257761841043,asymptotic_ideal_single_photon_symmetric_qz_equals_qx,theory_only
0.0115,1.2,0.8007222757959596,asymptotic_ideal_single_photon_symmetric_qz_equals_qx,theory_only
0.012,1.2,0.7936885983349024,asymptotic_ideal_single_photon_symmetric_qz_equals_qx,theory_only
0.0125,1.2,0.786721866662559,asymptotic_ideal_single_photon_symmetric_qz_equals_qx,theory_only
0.013000000000000001,1.2,0.7798194340368656,asymptotic_ideal_single_photon_symmetric_qz_equals_qx,theory_only
0.0135,1.2,0.7729788575000032,asymptotic_ideal_single_photon_symmetric_qz_equals_qx,theory_only
0.014,1.2,0.7661978752137484,asymptotic_ideal_single_photon_symmetric_qz_equals_qx,theory_only
0.0145,1.2,0.7594743870363597,asymptotic_ideal_single_photon_symmetric_qz_equals_qx,theory_only
0.015,1.2,0.7528064377813711,asymptotic_ideal_single_photon_symmetric_qz_equals_qx,theory_only
0.0155,1.2,0.7461922027107762,asymptotic_ideal_single_photon_symmetric_qz_equals_qx,theory_only
0.016,1.2,0.7396299749017949,asymptotic_ideal_single_photon_symmetric_qz_equals_qx,theory_only
0.0165,1.2,0.7331181541941763,asymptotic_ideal_single_photon_symmetric_qz_equals_qx,theory_only
0.017,1.2,0.7266552374783108,asymptotic_ideal_single_photon_symmetric_qz_equals_qx,theory_only
0.0175,1.2,0.7202398101268014,asymptotic_ideal_single_photon_symmetric_qz_equals_qx,theory_only
0.018000000000000002,1.2,0.7138705384059869,asymptotic_ideal_single_photon_symmetric_qz_equals_qx,theory_only
0.0185,1.2,0.7075461627312101,asymptotic_ideal_single_photon_symmetric_qz_equals_qx,theory_only
0.019,1.2,0.7012654916517114,asymptotic_ideal_single_photon_symmetric_qz_equals_qx,theory_only
0.0195,1.2,0.6950273964690836,asymptotic_ideal_single_photon_symmetric_qz_equals_qx,theory_only
0.02,1.2,0.6888308064079945,asymptotic_ideal_single_photon_symmetric_qz_equals_qx,theory_only
0.0205,1.2,0.6826747042701073,asymptotic_ideal_single_photon_symmetric_qz_equals_qx,theory_only
0.021,1.2,0.6765581225122256,asymptotic_ideal_single_photon_symmetric_qz_equals_qx,theory_only
0.021500000000000002,1.2,0.6704801396981386,asymptotic_ideal_single_photon_symmetric_qz_equals_qx,theory_only
0.022,1.2,0.6644398772806798,asymptotic_ideal_single_photon_symmetric_qz_equals_qx,theory_only
0.0225,1.2,0.6584364966764613,asymptotic_ideal_single_photon_symmetric_qz_equals_qx,theory_only
0.023,1.2,0.6524691966007407,asymptotic_ideal_single_photon_symmetric_qz_equals_qx,theory_only
0.0235,1.2,0.646537210634137,asymptotic_ideal_single_photon_symmetric_qz_equals_qx,theory_only
0.024,1.2,0.6406398049965149,asymptotic_ideal_single_photon_symmetric_qz_equals_qx,theory_only
0.0245,1.2,0.6347762765064499,asymptotic_ideal_single_photon_symmetric_qz_equals_qx,theory_only
0.025,1.2,0.6289459507073254,asymptotic_ideal_single_photon_symmetric_qz_equals_qx,theory_only
0.025500000000000002,1.2,0.6231481801433999,asymptotic_ideal_single_photon_symmetric_qz_equals_qx,theory_only
0.026000000000000002,1.2,0.6173823427711218,asymptotic_ideal_single_photon_symmetric_qz_equals_qx,theory_only
0.0265,1.2,0.6116478404926983,asymptotic_ideal_single_photon_symmetric_qz_equals_qx,theory_only
0.027,1.2,0.6059440978003658,asymptotic_ideal_single_photon_symmetric_qz_equals_qx,theory_only
0.0275,1.2,0.6002705605211199,asymptotic_ideal_single_photon_symmetric_qz_equals_qx,theory_only
0.028,1.2,0.5946266946527586,asymptotic_ideal_single_photon_symmetric_qz_equals_qx,theory_only
0.0285,1.2,0.5890119852830948,asymptotic_ideal_single_photon_symmetric_qz_equals_qx,theory_only
0.029,1.2,0.583425935585026,asymptotic_ideal_single_photon_symmetric_qz_equals_qx,theory_only
0.029500000000000002,1.2,0.5778680658809355,asymptotic_ideal_single_photon_symmetric_qz_equals_qx,theory_only
0.03,1.2,0.5723379127705324,asymptotic_ideal_single_photon_symmetric_qz_equals_qx,theory_only
0.0305,1.2,0.5668350283168558,asymptotic_ideal_single_photon_symmetric_qz_equals_qx,theory_only
0.031,1.2,0.5613589792856633,asymptotic_ideal_single_photon_symmetric_qz_equals_qx,theory_only
0.0315,1.2,0.5559093464339057,asymptotic_ideal_single_photon_symmetric_qz_equals_qx,theory_only
0.032,1.2,0.5504857238433849,asymptotic_ideal_single_photon_symmetric_qz_equals_qx,theory_only
0.0325,1.2,0.5450877182960712,asymptotic_ideal_single_photon_symmetric_qz_equals_qx,theory_only
0.033,1.2,0.5397149486878641,asymptotic_ideal_single_photon_symmetric_qz_equals_qx,theory_only
0.0335,1.2,0.5343670454778969,asymptotic_ideal_single_photon_symmetric_qz_equals_qx,theory_only
0.034,1.2,0.5290436501707189,asymptotic_ideal_single_photon_symmetric_qz_equals_qx,theory_only
0.0345,1.2,0.5237444148289481,asymptotic_ideal_single_photon_symmetric_qz_equals_qx,theory_only
0.035,1.2,0.5184690016141758,asymptotic_ideal_single_photon_symmetric_qz_equals_qx,theory_only
0.035500000000000004,1.2,0.513217082354117,asymptotic_ideal_single_photon_symmetric_qz_equals_qx,theory_only
0.036000000000000004,1.2,0.5079883381341421,asymptotic_ideal_single_photon_symmetric_qz_equals_qx,theory_only
0.0365,1.2,0.5027824589115139,asymptotic_ideal_single_photon_symmetric_qz_equals_qx,theory_only
0.037,1.2,0.49759914315075776,asymptotic_ideal_single_photon_symmetric_qz_equals_qx,theory_only
0.0375,1.2,0.49243809747875195,asymptotic_ideal_single_photon_symmetric_qz_equals_qx,theory_only
0.038,1.2,0.4872990363582088,asymptotic_ideal_single_photon_symmetric_qz_equals_qx,theory_only
0.0385,1.2,0.48218168177835136,asymptotic_ideal_single_photon_symmetric_qz_equals_qx,theory_only
0.039,1.2,0.4770857629616525,asymptotic_ideal_single_photon_symmetric_qz_equals_qx,theory_only
0.0395,1.2,0.4720110160856241,asymptotic_ideal_single_photon_symmetric_qz_equals_qx,theory_only
0.04,1.2,0.46695718401868747,asymptotic_ideal_single_photon_symmetric_qz_equals_qx,theory_only
0.0405,1.2,0.4619240160692567,asymptotic_ideal_single_photon_symmetric_qz_equals_qx,theory_only
0.041,1.2,0.4569112677472119,asymptotic_ideal_single_photon_symmetric_qz_equals_qx,theory_only
0.0415,1.2,0.4519187005370119,asymptotic_ideal_single_photon_symmetric_qz_equals_qx,theory_only
0.042,1.2,0.4469460816817393,asymptotic_ideal_single_photon_symmetric_qz_equals_qx,theory_only
0.0425,1.2,0.44199318397743464,asymptotic_ideal_single_photon_symmetric_qz_equals_qx,theory_only
0.043000000000000003,1.2,0.437059785577105,asymptotic_ideal_single_photon_symmetric_qz_equals_qx,theory_only
0.043500000000000004,1.2,0.43214566980385594,asymptotic_ideal_single_photon_symmetric_qz_equals_qx,theory_only
0.044,1.2,0.42725062497260924,asymptotic_ideal_single_photon_symmetric_qz_equals_qx,theory_only
0.0445,1.2,0.4223744442199303,asymptotic_ideal_single_photon_symmetric_qz_equals_qx,theory_only
0.045,1.2,0.4175169253415025,asymptotic_ideal_single_photon_symmetric_qz_equals_qx,theory_only
0.0455,1.2,0.4126778706368266,asymptotic_ideal_single_photon_symmetric_qz_equals_qx,theory_only
0.046,1.2,0.40785708676074584,asymptotic_ideal_single_photon_symmetric_qz_equals_qx,theory_only
0.0465,1.2,0.40305438458142884,asymptotic_ideal_single_photon_symmetric_qz_equals_qx,theory_only
0.047,1.2,0.3982695790444603,asymptotic_ideal_single_photon_symmetric_qz_equals_qx,theory_only
0.0475,1.2,0.3935024890427168,asymptotic_ideal_single_photon_symmetric_qz_equals_qx,theory_only
0.048,1.2,0.38875293729171945,asymptotic_ideal_single_photon_symmetric_qz_equals_qx,theory_only
0.0485,1.2,0.3840207502101851,asymptotic_ideal_single_photon_symmetric_qz_equals_qx,theory_only
0.049,1.2,0.3793057578054987,asymptotic_ideal_single_photon_symmetric_qz_equals_qx,theory_only
0.0495,1.2,0.3746077935638651,asymptotic_ideal_single_photon_symmetric_qz_equals_qx,theory_only
0.05,1.2,0.36992669434489633,asymptotic_ideal_single_photon_symmetric_qz_equals_qx,theory_only
0.0505,1.2,0.36526230028041823,asymptotic_ideal_single_photon_symmetric_qz_equals_qx,theory_only
0.051000000000000004,1.2,0.36061445467728237,asymptotic_ideal_single_photon_symmetric_qz_equals_qx,theory_only
0.051500000000000004,1.2,0.3559830039239934,asymptotic_ideal_single_photon_symmetric_qz_equals_qx,theory_only
0.052000000000000005,1.2,0.3513677974009585,asymptotic_ideal_single_photon_symmetric_qz_equals_qx,theory_only
0.0525,1.2,0.3467686873941932,asymptotic_ideal_single_photon_symmetric_qz_equals_qx,theory_only
0.053,1.2,0.34218552901231064,asymptotic_ideal_single_photon_symmetric_qz_equals_qx,theory_only
0.0535,1.2,0.3376181801066488,asymptotic_ideal_single_photon_symmetric_qz_equals_qx,theory_only
0.054,1.2,0.33306650119437764,asymptotic_ideal_single_photon_symmetric_qz_equals_qx,theory_only
0.0545,1.2,0.32853035538446085,asymptotic_ideal_single_photon_symmetric_qz_equals_qx,theory_only
0.055,1.2,0.32400960830632863,asymptotic_ideal_single_photon_symmetric_qz_equals_qx,theory_only
0.0555,1.2,0.31950412804114997,asymptotic_ideal_single_photon_symmetric_qz_equals_qx,theory_only
0.056,1.2,0.3150137850555772,asymptotic_ideal_single_photon_symmetric_qz_equals_qx,theory_only
0.0565,1.2,0.3105384521378609,asymptotic_ideal_single_photon_symmetric_qz_equals_qx,theory_only
0.057,1.2,0.30607800433622234,asymptotic_ideal_single_photon_symmetric_qz_equals_qx,theory_only
0.0575,1.2,0.30163231889939307,asymptotic_ideal_single_photon_symmetric_qz_equals_qx,theory_only
0.058,1.2,0.29720127521921835,asymptotic_ideal_single_photon_symmetric_qz_equals_qx,theory_only
0.0585,1.2,0.2927847547752437,asymptotic_ideal_single_photon_symmetric_qz_equals_qx,theory_only
0.059000000000000004,1.2,0.28838264108119227,asymptotic_ideal_single_photon_symmetric_qz_equals_qx,theory_only
0.059500000000000004,1.2,0.28399481963326134,asymptotic_ideal_single_photon_symmetric_qz_equals_qx,theory_only
0.06,1.2,0.27962117786015217,asymptotic_ideal_single_photon_symmetric_qz_equals_qx,theory_only
0.0605,1.2,0.2752616050747697,asymptotic_ideal_single_photon_symmetric_qz_equals_qx,theory_only
0.061,1.2,0.2709159924275154,asymptotic_ideal_single_photon_symmetric_qz_equals_qx,theory_only
0.0615,1.2,0.2665842328611139,asymptotic_ideal_single_photon_symmetric_qz_equals_qx,theory_only
0.062,1.2,0.2622662210669092,asymptotic_ideal_single_photon_symmetric_qz_equals_qx,theory_only
0.0625,1.2,0.2579618534425695,asymptotic_ideal_single_photon_symmetric_qz_equals_qx,theory_only
0.063,1.2,0.25367102805114483,asymptotic_ideal_single_photon_symmetric_qz_equals_qx,theory_only
0.0635,1.2,0.24939364458142654,asymptotic_ideal_single_photon_symmetric_qz_equals_qx,theory_only
0.064,1.2,0.24512960430955477,asymptotic_ideal_single_photon_symmetric_qz_equals_qx,theory_only
0.0645,1.2,0.24087881006182593,asymptotic_ideal_single_photon_symmetric_qz_equals_qx,theory_only
0.065,1.2,0.23664116617865072,asymptotic_ideal_single_photon_symmetric_qz_equals_qx,theory_only
0.0655,1.2,0.2324165784796255,asymptotic_ideal_single_photon_symmetric_qz_equals_qx,theory_only
0.066,1.2,0.22820495422966913,asymptotic_ideal_single_photon_symmetric_qz_equals_qx,theory_only
0.0665,1.2,0.22400620210618355,asymptotic_ideal_single_photon_symmetric_qz_equals_qx,theory_only
0.067,1.2,0.21982023216720425,asymptotic_ideal_single_photon_symmetric_qz_equals_qx,theory_only
0.0675,1.2,0.21564695582050097,asymptotic_ideal_single_photon_symmetric_qz_equals_qx,theory_only
0.068,1.2,0.2114862857935954,asymptotic_ideal_single_photon_symmetric_qz_equals_qx,theory_only
0.0685,1.2,0.2073381361046579,asymptotic_ideal_single_photon_symmetric_qz_equals_qx,theory_only
0.069,1.2,0.20320242203425598,asymptotic_ideal_single_photon_symmetric_qz_equals_qx,theory_only
0.0695,1.2,0.1990790600979218,asymptotic_ideal_single_photon_symmetric_qz_equals_qx,theory_only
0.07,1.2,0.1949679680195086,asymptotic_ideal_single_photon_symmetric_qz_equals_qx,theory_only
0.07050000000000001,1.2,0.19086906470530918,asymptotic_ideal_single_photon_symmetric_qz_equals_qx,theory_only
0.07100000000000001,1.2,0.18678227021890614,asymptotic_ideal_single_photon_symmetric_qz_equals_qx,theory_only
0.07150000000000001,1.2,0.18270750575673333,asymptotic_ideal_single_photon_symmetric_qz_equals_qx,theory_only
0.07200000000000001,1.2,0.17864469362432184,asymptotic_ideal_single_photon_symmetric_qz_equals_qx,theory_only
0.0725,1.2,0.1745937572132027,asymptotic_ideal_single_photon_symmetric_qz_equals_qx,theory_only
0.073,1.2,0.17055462097844676,asymptotic_ideal_single_photon_symmetric_qz_equals_qx,theory_only
0.0735,1.2,0.16652721041682444,asymptotic_ideal_single_photon_symmetric_qz_equals_qx,theory_only
0.074,1.2,0.16251145204555534,asymptotic_ideal_single_photon_symmetric_qz_equals_qx,theory_only
0.0745,1.2,0.15850727338163273,asymptotic_ideal_single_photon_symmetric_qz_equals_qx,theory_only
0.075,1.2,0.1545146029217066,asymptotic_ideal_single_photon_symmetric_qz_equals_qx,theory_only
0.0755,1.2,0.15053337012249807,asymptotic_ideal_single_photon_symmetric_qz_equals_qx,theory_only
0.076,1.2,0.1465635053817379,asymptotic_ideal_single_photon_symmetric_qz_equals_qx,theory_only
0.0765,1.2,0.14260494001960144,asymptotic_ideal_single_photon_symmetric_qz_equals_qx,theory_only
0.077,1.2,0.13865760626063417,asymptotic_ideal_single_photon_symmetric_qz_equals_qx,theory_only
0.0775,1.2,0.13472143721614166,asymptotic_ideal_single_photon_symmetric_qz_equals_qx,theory_only
0.078,1.2,0.1307963668670395,asymptotic_ideal_single_photon_symmetric_qz_equals_qx,theory_only
0.0785,1.2,0.12688233004713728,asymptotic_ideal_single_photon_symmetric_qz_equals_qx,theory_only
0.079,1.2,0.12297926242685342,asymptotic_ideal_single_photon_symmetric_qz_equals_qx,theory_only
0.0795,1.2,0.11908710049733784,asymptotic_ideal_single_photon_symmetric_qz_equals_qx,theory_only
0.08,1.2,0.11520578155499994,asymptotic_ideal_single_photon_symmetric_qz_equals_qx,theory_only
0.0805,1.2,0.11133524368641584,asymptotic_ideal_single_photon_symmetric_qz_equals_qx,theory_only
0.081,1.2,0.10747542575361874,asymptotic_ideal_single_photon_symmetric_qz_equals_qx,theory_only
0.0815,1.2,0.10362626737974451,asymptotic_ideal_single_photon_symmetric_qz_equals_qx,theory_only
0.082,1.2,0.09978770893503752,asymptotic_ideal_single_photon_symmetric_qz_equals_qx,theory_only
0.0825,1.2,0.09595969152318995,asymptotic_ideal_single_photon_symmetric_qz_equals_qx,theory_only
0.083,1.2,0.09214215696801975,asymptotic_ideal_single_photon_symmetric_qz_equals_qx,theory_only
0.0835,1.2,0.08833504780046342,asymptotic_ideal_single_photon_symmetric_qz_equals_qx,theory_only
0.084,1.2,0.08453830724588479,asymptotic_ideal_single_photon_symmetric_qz_equals_qx,theory_only
0.0845,1.2,0.08075187921168314,asymptotic_ideal_single_photon_symmetric_qz_equals_qx,theory_only
0.085,1.2,0.07697570827519673,asymptotic_ideal_single_photon_symmetric_qz_equals_qx,theory_only
0.0855,1.2,0.07320973967188849,asymptotic_ideal_single_photon_symmetric_qz_equals_qx,theory_only
0.08600000000000001,1.2,0.06945391928381217,asymptotic_ideal_single_photon_symmetric_qz_equals_qx,theory_only
0.08650000000000001,1.2,0.0657081936283408,asymptotic_ideal_single_photon_symmetric_qz_equals_qx,theory_only
0.08700000000000001,1.2,0.061972509847163404,asymptotic_ideal_single_photon_symmetric_qz_equals_qx,theory_only
0.08750000000000001,1.2,0.0582468156955262,asymptotic_ideal_single_photon_symmetric_qz_equals_qx,theory_only
0.088,1.2,0.0545310595317271,asymptotic_ideal_single_photon_symmetric_qz_equals_qx,theory_only
0.0885,1.2,0.050825190306844015,asymptotic_ideal_single_photon_symmetric_qz_equals_qx,theory_only
0.089,1.2,0.047129157554699486,asymptotic_ideal_single_photon_symmetric_qz_equals_qx,theory_only
0.0895,1.2,0.04344291138204526,asymptotic_ideal_single_photon_symmetric_qz_equals_qx,theory_only
0.09,1.2,0.039766402458973726,asymptotic_ideal_single_photon_symmetric_qz_equals_qx,theory_only
0.0905,1.2,0.036099582009533726,asymptotic_ideal_single_photon_symmetric_qz_equals_qx,theory_only
0.091,1.2,0.032442401802563026,asymptotic_ideal_single_photon_symmetric_qz_equals_qx,theory_only
0.0915,1.2,0.02879481414271351,asymptotic_ideal_single_photon_symmetric_qz_equals_qx,theory_only
0.092,1.2,0.02515677186167975,asymptotic_ideal_single_photon_symmetric_qz_equals_qx,theory_only
0.0925,1.2,0.021528228309613096,asymptotic_ideal_single_photon_symmetric_qz_equals_qx,theory_only
0.093,1.2,0.017909137346725557,asymptotic_ideal_single_photon_symmetric_qz_equals_qx,theory_only
0.0935,1.2,0.014299453335069712,asymptotic_ideal_single_photon_symmetric_qz_equals_qx,theory_only
0.094,1.2,0.010699131130499806,asymptotic_ideal_single_photon_symmetric_qz_equals_qx,theory_only
0.0945,1.2,0.007108126074798993,asymptotic_ideal_single_photon_symmetric_qz_equals_qx,theory_only
0.095,1.2,0.00352639398797705,asymptotic_ideal_single_photon_symmetric_qz_equals_qx,theory_only
0.0955,1.2,0.0,asymptotic_ideal_single_photon_symmetric_qz_equals_qx,theory_only
0.096,1.2,0.0,asymptotic_ideal_single_photon_symmetric_qz_equals_qx,theory_only
0.0965,1.2,0.0,asymptotic_ideal_single_photon_symmetric_qz_equals_qx,theory_only
0.097,1.2,0.0,asymptotic_ideal_single_photon_symmetric_qz_equals_qx,theory_only
0.0975,1.2,0.0,asymptotic_ideal_single_photon_symmetric_qz_equals_qx,theory_only
0.098,1.2,0.0,asymptotic_ideal_single_photon_symmetric_qz_equals_qx,theory_only
0.0985,1.2,0.0,asymptotic_ideal_single_photon_symmetric_qz_equals_qx,theory_only
0.099,1.2,0.0,asymptotic_ideal_single_photon_symmetric_qz_equals_qx,theory_only
0.0995,1.2,0.0,asymptotic_ideal_single_photon_symmetric_qz_equals_qx,theory_only
0.1,1.2,0.0,asymptotic_ideal_single_photon_symmetric_qz_equals_qx,theory_only
0.1005,1.2,0.0,asymptotic_ideal_single_photon_symmetric_qz_equals_qx,theory_only
0.101,1.2,0.0,asymptotic_ideal_single_photon_symmetric_qz_equals_qx,theory_only
0.1015,1.2,0.0,asymptotic_ideal_single_photon_symmetric_qz_equals_qx,theory_only
0.10200000000000001,1.2,0.0,asymptotic_ideal_single_photon_symmetric_qz_equals_qx,theory_only
0.10250000000000001,1.2,0.0,asymptotic_ideal_single_photon_symmetric_qz_equals_qx,theory_only
0.10300000000000001,1.2,0.0,asymptotic_ideal_single_photon_symmetric_qz_equals_qx,theory_only
0.10350000000000001,1.2,0.0,asymptotic_ideal_single_photon_symmetric_qz_equals_qx,theory_only
0.10400000000000001,1.2,0.0,asymptotic_ideal_single_photon_symmetric_qz_equals_qx,theory_only
0.1045,1.2,0.0,asymptotic_ideal_single_photon_symmetric_qz_equals_qx,theory_only
0.105,1.2,0.0,asymptotic_ideal_single_photon_symmetric_qz_equals_qx,theory_only
0.1055,1.2,0.0,asymptotic_ideal_single_photon_symmetric_qz_equals_qx,theory_only
0.106,1.2,0.0,asymptotic_ideal_single_photon_symmetric_qz_equals_qx,theory_only
0.1065,1.2,0.0,asymptotic_ideal_single_photon_symmetric_qz_equals_qx,theory_only
0.107,1.2,0.0,asymptotic_ideal_single_photon_symmetric_qz_equals_qx,theory_only
0.1075,1.2,0.0,asymptotic_ideal_single_photon_symmetric_qz_equals_qx,theory_only
0.108,1.2,0.0,asymptotic_ideal_single_photon_symmetric_qz_equals_qx,theory_only
0.1085,1.2,0.0,asymptotic_ideal_single_photon_symmetric_qz_equals_qx,theory_only
0.109,1.2,0.0,asymptotic_ideal_single_photon_symmetric_qz_equals_qx,theory_only
0.1095,1.2,0.0,asymptotic_ideal_single_photon_symmetric_qz_equals_qx,theory_only
0.11,1.2,0.0,asymptotic_ideal_single_photon_symmetric_qz_equals_qx,theory_only
0.1105,1.2,0.0,asymptotic_ideal_single_photon_symmetric_qz_equals_qx,theory_only
0.111,1.2,0.0,asymptotic_ideal_single_photon_symmetric_qz_equals_qx,theory_only
0.1115,1.2,0.0,asymptotic_ideal_single_photon_symmetric_qz_equals_qx,theory_only
0.112,1.2,0.0,asymptotic_ideal_single_photon_symmetric_qz_equals_qx,theory_only
0.1125,1.2,0.0,asymptotic_ideal_single_photon_symmetric_qz_equals_qx,theory_only
0.113,1.2,0.0,asymptotic_ideal_single_photon_symmetric_qz_equals_qx,theory_only
0.1135,1.2,0.0,asymptotic_ideal_single_photon_symmetric_qz_equals_qx,theory_only
0.114,1.2,0.0,asymptotic_ideal_single_photon_symmetric_qz_equals_qx,theory_only
0.1145,1.2,0.0,asymptotic_ideal_single_photon_symmetric_qz_equals_qx,theory_only
0.115,1.2,0.0,asymptotic_ideal_single_photon_symmetric_qz_equals_qx,theory_only
0.1155,1.2,0.0,asymptotic_ideal_single_photon_symmetric_qz_equals_qx,theory_only
0.116,1.2,0.0,asymptotic_ideal_single_photon_symmetric_qz_equals_qx,theory_only
0.1165,1.2,0.0,asymptotic_ideal_single_photon_symmetric_qz_equals_qx,theory_only
0.117,1.2,0.0,asymptotic_ideal_single_photon_symmetric_qz_equals_qx,theory_only
0.11750000000000001,1.2,0.0,asymptotic_ideal_single_photon_symmetric_qz_equals_qx,theory_only
0.11800000000000001,1.2,0.0,asymptotic_ideal_single_photon_symmetric_qz_equals_qx,theory_only
0.11850000000000001,1.2,0.0,asymptotic_ideal_single_photon_symmetric_qz_equals_qx,theory_only
0.11900000000000001,1.2,0.0,asymptotic_ideal_single_photon_symmetric_qz_equals_qx,theory_only
0.11950000000000001,1.2,0.0,asymptotic_ideal_single_photon_symmetric_qz_equals_qx,theory_only
0.12,1.2,0.0,asymptotic_ideal_single_photon_symmetric_qz_equals_qx,theory_only
0.1205,1.2,0.0,asymptotic_ideal_single_photon_symmetric_qz_equals_qx,theory_only
0.121,1.2,0.0,asymptotic_ideal_single_photon_symmetric_qz_equals_qx,theory_only
0.1215,1.2,0.0,asymptotic_ideal_single_photon_symmetric_qz_equals_qx,theory_only
0.122,1.2,0.0,asymptotic_ideal_single_photon_symmetric_qz_equals_qx,theory_only
0.1225,1.2,0.0,asymptotic_ideal_single_photon_symmetric_qz_equals_qx,theory_only
0.123,1.2,0.0,asymptotic_ideal_single_photon_symmetric_qz_equals_qx,theory_only
0.1235,1.2,0.0,asymptotic_ideal_single_photon_symmetric_qz_equals_qx,theory_only
0.124,1.2,0.0,asymptotic_ideal_single_photon_symmetric_qz_equals_qx,theory_only
0.1245,1.2,0.0,asymptotic_ideal_single_photon_symmetric_qz_equals_qx,theory_only
0.125,1.2,0.0,asymptotic_ideal_single_photon_symmetric_qz_equals_qx,theory_only
0.1255,1.2,0.0,asymptotic_ideal_single_photon_symmetric_qz_equals_qx,theory_only
0.126,1.2,0.0,asymptotic_ideal_single_photon_symmetric_qz_equals_qx,theory_only
0.1265,1.2,0.0,asymptotic_ideal_single_photon_symmetric_qz_equals_qx,theory_only
0.127,1.2,0.0,asymptotic_ideal_single_photon_symmetric_qz_equals_qx,theory_only
0.1275,1.2,0.0,asymptotic_ideal_single_photon_symmetric_qz_equals_qx,theory_only
0.128,1.2,0.0,asymptotic_ideal_single_photon_symmetric_qz_equals_qx,theory_only
0.1285,1.2,0.0,asymptotic_ideal_single_photon_symmetric_qz_equals_qx,theory_only
0.129,1.2,0.0,asymptotic_ideal_single_photon_symmetric_qz_equals_qx,theory_only
0.1295,1.2,0.0,asymptotic_ideal_single_photon_symmetric_qz_equals_qx,theory_only
0.13,1.2,0.0,asymptotic_ideal_single_photon_symmetric_qz_equals_qx,theory_only
0.1305,1.2,0.0,asymptotic_ideal_single_photon_symmetric_qz_equals_qx,theory_only
0.131,1.2,0.0,asymptotic_ideal_single_photon_symmetric_qz_equals_qx,theory_only
0.1315,1.2,0.0,asymptotic_ideal_single_photon_symmetric_qz_equals_qx,theory_only
0.132,1.2,0.0,asymptotic_ideal_single_photon_symmetric_qz_equals_qx,theory_only
0.1325,1.2,0.0,asymptotic_ideal_single_photon_symmetric_qz_equals_qx,theory_only
0.133,1.2,0.0,asymptotic_ideal_single_photon_symmetric_qz_equals_qx,theory_only
0.1335,1.2,0.0,asymptotic_ideal_single_photon_symmetric_qz_equals_qx,theory_only
0.134,1.2,0.0,asymptotic_ideal_single_photon_symmetric_qz_equals_qx,theory_only
0.1345,1.2,0.0,asymptotic_ideal_single_photon_symmetric_qz_equals_qx,theory_only
0.135,1.2,0.0,asymptotic_ideal_single_photon_symmetric_qz_equals_qx,theory_only
0.1355,1.2,0.0,asymptotic_ideal_single_photon_symmetric_qz_equals_qx,theory_only
0.136,1.2,0.0,asymptotic_ideal_single_photon_symmetric_qz_equals_qx,theory_only
0.1365,1.2,0.0,asymptotic_ideal_single_photon_symmetric_qz_equals_qx,theory_only
0.137,1.2,0.0,asymptotic_ideal_single_photon_symmetric_qz_equals_qx,theory_only
0.1375,1.2,0.0,asymptotic_ideal_single_photon_symmetric_qz_equals_qx,theory_only
0.138,1.2,0.0,asymptotic_ideal_single_photon_symmetric_qz_equals_qx,theory_only
0.1385,1.2,0.0,asymptotic_ideal_single_photon_symmetric_qz_equals_qx,theory_only
0.139,1.2,0.0,asymptotic_ideal_single_photon_symmetric_qz_equals_qx,theory_only
0.1395,1.2,0.0,asymptotic_ideal_single_photon_symmetric_qz_equals_qx,theory_only
0.14,1.2,0.0,asymptotic_ideal_single_photon_symmetric_qz_equals_qx,theory_only
0.1405,1.2,0.0,asymptotic_ideal_single_photon_symmetric_qz_equals_qx,theory_only
0.14100000000000001,1.2,0.0,asymptotic_ideal_single_photon_symmetric_qz_equals_qx,theory_only
0.14150000000000001,1.2,0.0,asymptotic_ideal_single_photon_symmetric_qz_equals_qx,theory_only
0.14200000000000002,1.2,0.0,asymptotic_ideal_single_photon_symmetric_qz_equals_qx,theory_only
0.14250000000000002,1.2,0.0,asymptotic_ideal_single_photon_symmetric_qz_equals_qx,theory_only
0.14300000000000002,1.2,0.0,asymptotic_ideal_single_photon_symmetric_qz_equals_qx,theory_only
0.14350000000000002,1.2,0.0,asymptotic_ideal_single_photon_symmetric_qz_equals_qx,theory_only
0.14400000000000002,1.2,0.0,asymptotic_ideal_single_photon_symmetric_qz_equals_qx,theory_only
0.1445,1.2,0.0,asymptotic_ideal_single_photon_symmetric_qz_equals_qx,theory_only
0.145,1.2,0.0,asymptotic_ideal_single_photon_symmetric_qz_equals_qx,theory_only
0.1455,1.2,0.0,asymptotic_ideal_single_photon_symmetric_qz_equals_qx,theory_only
0.146,1.2,0.0,asymptotic_ideal_single_photon_symmetric_qz_equals_qx,theory_only
0.1465,1.2,0.0,asymptotic_ideal_single_photon_symmetric_qz_equals_qx,theory_only
0.147,1.2,0.0,asymptotic_ideal_single_photon_symmetric_qz_equals_qx,theory_only
0.1475,1.2,0.0,asymptotic_ideal_single_photon_symmetric_qz_equals_qx,theory_only
0.148,1.2,0.0,asymptotic_ideal_single_photon_symmetric_qz_equals_qx,theory_only
0.1485,1.2,0.0,asymptotic_ideal_single_photon_symmetric_qz_equals_qx,theory_only
0.149,1.2,0.0,asymptotic_ideal_single_photon_symmetric_qz_equals_qx,theory_only
0.1495,1.2,0.0,asymptotic_ideal_single_photon_symmetric_qz_equals_qx,theory_only
0.15,1.2,0.0,asymptotic_ideal_single_photon_symmetric_qz_equals_qx,theory_only
0.1505,1.2,0.0,asymptotic_ideal_single_photon_symmetric_qz_equals_qx,theory_only
0.151,1.2,0.0,asymptotic_ideal_single_photon_symmetric_qz_equals_qx,theory_only
0.1515,1.2,0.0,asymptotic_ideal_single_photon_symmetric_qz_equals_qx,theory_only
0.152,1.2,0.0,asymptotic_ideal_single_photon_symmetric_qz_equals_qx,theory_only
0.1525,1.2,0.0,asymptotic_ideal_single_photon_symmetric_qz_equals_qx,theory_only
0.153,1.2,0.0,asymptotic_ideal_single_photon_symmetric_qz_equals_qx,theory_only
0.1535,1.2,0.0,asymptotic_ideal_single_photon_symmetric_qz_equals_qx,theory_only
0.154,1.2,0.0,asymptotic_ideal_single_photon_symmetric_qz_equals_qx,theory_only
0.1545,1.2,0.0,asymptotic_ideal_single_photon_symmetric_qz_equals_qx,theory_only
0.155,1.2,0.0,asymptotic_ideal_single_photon_symmetric_qz_equals_qx,theory_only
0.1555,1.2,0.0,asymptotic_ideal_single_photon_symmetric_qz_equals_qx,theory_only
0.156,1.2,0.0,asymptotic_ideal_single_photon_symmetric_qz_equals_qx,theory_only
0.1565,1.2,0.0,asymptotic_ideal_single_photon_symmetric_qz_equals_qx,theory_only
0.157,1.2,0.0,asymptotic_ideal_single_photon_symmetric_qz_equals_qx,theory_only
0.1575,1.2,0.0,asymptotic_ideal_single_photon_symmetric_qz_equals_qx,theory_only
0.158,1.2,0.0,asymptotic_ideal_single_photon_symmetric_qz_equals_qx,theory_only
0.1585,1.2,0.0,asymptotic_ideal_single_photon_symmetric_qz_equals_qx,theory_only
0.159,1.2,0.0,asymptotic_ideal_single_photon_symmetric_qz_equals_qx,theory_only
0.1595,1.2,0.0,asymptotic_ideal_single_photon_symmetric_qz_equals_qx,theory_only
0.16,1.2,0.0,asymptotic_ideal_single_photon_symmetric_qz_equals_qx,theory_only
